"UKA_app.UKA.contrast","UKA_app.UKA.Sgroup_contrast","UKA_app.UKA.Kinase Name","UKA_app.UKA.Kinase Uniprot ID","UKA_app.UKA.Kinase entrezid","UKA_app.UKA.Kinase Group","UKA_app.UKA.Kinase Family","UKA_app.UKA.Median Final score","UKA_app.UKA.Final score rank","UKA_app.UKA.Mean Significance Score","UKA_app.UKA.Mean Specificity Score","UKA_app.UKA.Median Kinase Statistic","UKA_app.UKA.Median Kinase Change","UKA_app.UKA.Mean peptide set size","UKA_app.UKA.Max Final score","UKA_app.UKA.SD Kinase Statistic","UKA_app.UKA.Mean Kinase Statistic"
"Hard vs C_Soft","C_WT_Hard vs C_Soft","AKT1","P31749",207,"AGC","Akt",2.2365720064370627,22,1.0,1.2905535060684146,-6.288799946490414,-0.7678926660303462,22.0,2.4948500216800937,0.2011262129723774,-6.249110092849869
"Hard vs C_Soft","C_WT_Hard vs C_Soft","AKT2","P31751",208,"AGC","Akt",2.4685210829577446,16,1.0,1.554518108730089,-6.5678608053446,-0.708763992786406,21.0,2.920818753952375,0.26559405073613696,-6.597356957188545
"Hard vs C_Soft","C_WT_Hard vs C_Soft","AKT3","Q9Y243",10000,"AGC","Akt",1.9913998282380825,27,1.0,1.050696392195624,-7.242313753796325,-0.8241312768724187,7.0,2.3010299956639813,0.25049203759404115,-7.213168326501474
"Hard vs C_Soft","C_WT_Hard vs C_Soft","ATR","Q13535",545,"Atypical","PIKK",1.3809066693732572,53,1.0,0.3972386342632186,-5.088858137857697,-0.7740978082021088,5.0,1.549750891680639,0.2282454611768825,-5.164939958249992
"Hard vs C_Soft","C_WT_Hard vs C_Soft","AURKA","O14965",6790,"CAMK","Aur",1.0371573187987575,77,1.0,0.0365675397229768,-2.2550673436489106,-0.42256740729014,4.0,1.0438315695246367,0.0,-2.2550673436489106
"Hard vs C_Soft","C_WT_Hard vs C_Soft","AURKB","Q96GD4",9212,"CAMK","Aur",1.1870866433571443,62,1.0,0.1615948187613424,-3.9706357155626595,-0.47884984811147047,4.0,1.2146701649892329,0.7202234630248745,-3.6076772066945564
"Hard vs C_Soft","C_WT_Hard vs C_Soft","CAMK2A","Q9UQM7",815,"CAMK","CAMK2",1.5142785735184199,43,1.0,0.8051026985082205,-5.841303238799246,-0.8434115091959461,6.0,2.3565473235138126,1.2156898723382357,-6.505193864703587
"Hard vs C_Soft","C_WT_Hard vs C_Soft","CAMK2B","Q13554",816,"CAMK","CAMK2",1.2907300390241692,56,1.0,0.3200111329385632,-4.813873209475218,-0.7400207519531281,5.0,1.4710832997223453,0.40881717523354655,-4.826849322444555
"Hard vs C_Soft","C_WT_Hard vs C_Soft","CAMK2D","Q13557",817,"CAMK","CAMK2",2.2839966563652006,20,1.0,1.159634610993362,-8.266124647932047,-0.8326666355132952,6.0,2.6989700043360187,1.3127286237863185,-7.478558164493163
"Hard vs C_Soft","C_WT_Hard vs C_Soft","CAMK2G","Q13555",818,"CAMK","CAMK2",2.858349385648225,12,1.0,1.979515840304269,-9.7443970385542,-0.9436207082536398,6.0,3.3979400086720375,0.8142539592940934,-10.15987787112188
"Hard vs C_Soft","C_WT_Hard vs C_Soft","CAMK4","Q16566",814,"CAMK","CAMK1",1.4412914294668342,47,1.0,0.4141235711959888,-5.385678756788605,-0.7872027854124575,9.0,1.5030703519267852,0.28492923318917035,-5.170411462063905
"Hard vs C_Soft","C_WT_Hard vs C_Soft","CDK1","P06493",983,"CMGC","CDK",1.0061230850587888,89,1.0,0.010295577723940179,-2.0738149149388687,-0.5356907674244465,7.0,1.0204516252959048,0.5270477445507481,-2.183596336207869
"Hard vs C_Soft","C_WT_Hard vs C_Soft","CDK10","Q15131",8558,"CMGC","CDK",2.154901959985743,23,1.0,0.9319002768261251,-7.9638949191606985,-0.7696135838826441,4.0,2.585026652029182,2.5279954540109646,-7.258701297775454
"Hard vs C_Soft","C_WT_Hard vs C_Soft","CDK11A","Q9UQ88",728642,"CMGC","CDK",1.0195430581086802,83,1.0,0.03207449612876453,-1.9178277198832963,-0.4540081818898489,4.0,1.0614802748235082,0.18067422450513296,-2.034452430316183
"Hard vs C_Soft","C_WT_Hard vs C_Soft","CDK13","Q14004",8621,"CMGC","CDK",0.46215354089909827,95,0.4604093769761876,0.0017441639229106736,-0.6608748602296413,-0.36139314870039463,4.0,0.5263670731261589,0.041887079509662035,-0.6608748602296413
"Hard vs C_Soft","C_WT_Hard vs C_Soft","CDK15","Q96Q40",65061,"CMGC","CDK",1.5114492834995557,44,1.0,0.48375252379222433,-5.592965981128721,-0.8396755059560115,4.0,1.575118363368933,0.5171012469101047,-5.420598898825353
"Hard vs C_Soft","C_WT_Hard vs C_Soft","CDK17","Q00537",5128,"CMGC","CDK",1.0305840876460186,79,1.0,0.030584087646018616,-1.6981865564647494,-0.4347950352562779,3.0,1.0305840876460186,,-1.6981865564647494
"Hard vs C_Soft","C_WT_Hard vs C_Soft","CDK18","Q07002",5129,"CMGC","CDK",1.0352690789463705,78,1.0,0.03526907894637064,-1.866870501503669,-0.47558731502956836,3.0,1.0352690789463705,,-1.866870501503669
"Hard vs C_Soft","C_WT_Hard vs C_Soft","CDK2","P24941",1017,"CMGC","CDK",1.0114410431213845,87,1.0,0.018387197971235822,-2.541794436424235,-0.5051781684160217,7.0,1.0438315695246367,0.1096431132894224,-2.572856254679933
"Hard vs C_Soft","C_WT_Hard vs C_Soft","CDK3","Q00526",1018,"CMGC","CDK",1.0296531237699067,80,1.0,0.03373361479520627,-2.5021721469933818,-0.48209603627522546,5.0,1.0915149811213503,0.2310630179369722,-2.4946168077616973
"Hard vs C_Soft","C_WT_Hard vs C_Soft","CDK4","P11802",1019,"CMGC","CDK",1.025028005701931,81,1.0,0.036156804303616764,-1.6560295811974906,-0.38466061486138187,3.0,1.1249387366083,0.6721576832802235,-1.8800821422908984
"Hard vs C_Soft","C_WT_Hard vs C_Soft","CDK5","Q00535",1020,"CMGC","CDK",1.0061230850587888,90,1.0,0.006816722903888071,-1.3522099453084668,-0.3125388622283922,4.0,1.0114410431213845,0.0,-1.3522099453084668
"Hard vs C_Soft","C_WT_Hard vs C_Soft","CDK6","Q00534",1021,"CMGC","CDK",1.0655015487564323,71,1.0,0.0677008222025472,-2.8117479312575058,-0.44938151041666985,4.0,1.0861861476162833,0.10820615272311448,-2.775679213683134
"Hard vs C_Soft","C_WT_Hard vs C_Soft","CDK7","P50613",1022,"CMGC","CDK",1.0034883278458213,92,1.0,0.007071732150714608,-2.2907496350201217,-0.5437455127636556,9.0,1.0259490972071226,0.484130088242871,-2.310236751778609
"Hard vs C_Soft","C_WT_Hard vs C_Soft","CDK9","P50750",1025,"CMGC","CDK",0.22184874961635637,96,0.2805458359682501,0.0010653934771185489,-0.6228604503639117,-0.18178222576776926,4.0,0.4023048140744877,0.04089081260390066,-0.595599908627978
"Hard vs C_Soft","C_WT_Hard vs C_Soft","CDKL1","Q00532",8814,"CMGC","CDKL",2.0861861476162833,25,1.0,1.1735642485658146,-8.016225870884467,-0.702144394318263,4.0,2.4436974992327127,1.2722625280220732,-8.945355051772784
"Hard vs C_Soft","C_WT_Hard vs C_Soft","CDKL4","Q5MAI5",344387,"CMGC","CDKL",1.0172768474613094,84,1.0,0.01727684746130933,-1.3934228218445146,-0.49809059831829544,3.0,1.0177287669604316,0.0,-1.3934228218445146
"Hard vs C_Soft","C_WT_Hard vs C_Soft","CDKL5","O76039",6792,"CMGC","CDKL",1.1649438982798836,64,0.913991429810291,0.1267073084301547,-3.7127798103858156,-0.6308781107266745,4.0,1.1778319206319825,1.152785401935556,-3.2025887550424024
"Hard vs C_Soft","C_WT_Hard vs C_Soft","CHEK1","O14757",1111,"CAMK","CAMKL",1.0241088635982072,82,1.0,0.026151071391577678,-2.539581534951632,-0.44706764486100176,6.0,1.068542129310995,0.49214157574807127,-2.4666355757855505
"Hard vs C_Soft","C_WT_Hard vs C_Soft","CHEK2","O96017",11200,"CAMK","RAD53",1.0777937225609837,70,1.0,0.14479683826385964,-3.9810383201197563,-0.5969136436780241,16.0,1.4841261562883208,0.7802580972504282,-4.070245585843167
"Hard vs C_Soft","C_WT_Hard vs C_Soft","CHUK","O15111",1147,"OTHER","IKK",1.7746907182741372,31,1.0,0.7194745216315432,-6.946152107191962,-1.2224869330724197,4.0,1.8416375079047502,0.550120849354617,-6.579404874288883
"Hard vs C_Soft","C_WT_Hard vs C_Soft","COQ8A","Q8NI60",56997,"Atypical","NA",1.0017406615763014,93,1.0,0.0024237299493409434,-1.7968906446496848,-0.4401343762874601,7.0,1.005243055412372,0.1889454798496617,-1.8221003581996582
"Hard vs C_Soft","C_WT_Hard vs C_Soft","CSNK1A1","P48729",1452,"CK1","CK1",1.4225082001627747,49,1.0,0.3950780858523004,-5.246098422192321,-0.9150026837984757,7.0,1.5030703519267852,0.3654738449236763,-5.018209686348692
"Hard vs C_Soft","C_WT_Hard vs C_Soft","DAPK2","Q9UIK4",23604,"CAMK","DAPK",1.3010855924743603,55,1.0,0.3008775798183671,-4.520246389398046,-0.6339758237202959,3.0,1.329754146925876,0.0,-4.520246389398046
"Hard vs C_Soft","C_WT_Hard vs C_Soft","DAPK3","O43293",1613,"CAMK","DAPK",1.1426675035687315,66,1.0,0.14266750356873156,-3.472037185103271,-0.31978376706440886,3.0,1.1426675035687315,,-3.472037185103271
"Hard vs C_Soft","C_WT_Hard vs C_Soft","DCLK2","Q8N568",166614,"CAMK","DCAMKL",1.324221658325915,54,1.0,0.29723334959180114,-4.852088102908758,-0.6331398840303719,8.0,1.408935392973501,0.46293673880494457,-4.678303962331489
"Hard vs C_Soft","C_WT_Hard vs C_Soft","GSK3B","P49841",2932,"CMGC","GSK",1.2660007134616131,60,1.0,0.2648037677035662,-4.3859961906567575,-0.9047916200425948,3.0,1.2958494831602008,0.0,-4.3859961906567575
"Hard vs C_Soft","C_WT_Hard vs C_Soft","IKBKB","O14920",3551,"OTHER","IKK",1.6819366650372385,36,1.0,0.7313680983417393,-6.41052800532309,-1.239252090454114,3.0,1.9355420107730814,0.5956168541159139,-6.676895960192642
"Hard vs C_Soft","C_WT_Hard vs C_Soft","IKBKE","Q14164",9641,"OTHER","IKK",1.408935392973501,51,1.0,0.4041338279534232,-5.061965012831775,-0.9920094331105626,5.0,1.4271283977995197,0.003159738675143294,-5.060372654214178
"Hard vs C_Soft","C_WT_Hard vs C_Soft","MAPK1","P28482",5594,"CMGC","MAPK",1.0070049015686584,88,1.0,0.009341119870218784,-1.966802368599863,-0.42004625002542695,6.0,1.0241088635982072,0.4163698916572445,-2.0577269335687056
"Hard vs C_Soft","C_WT_Hard vs C_Soft","MAPK10","P53779",5602,"CMGC","MAPK",1.0132282657337552,85,1.0,0.014750257195046978,-2.88669909352991,-0.5410503727017016,11.0,1.025028005701931,0.09345886806645214,-2.9337979359522777
"Hard vs C_Soft","C_WT_Hard vs C_Soft","MAPK11","Q15759",5600,"CMGC","MAPK",1.0639964934874013,74,1.0,0.06399649348740133,-2.3989214836669714,-0.6431079970465593,3.0,1.0665127121512945,0.0,-2.3989214836669714
"Hard vs C_Soft","C_WT_Hard vs C_Soft","MAPK12","P53778",6300,"CMGC","MAPK",1.0061230850587888,91,0.9331044454080042,0.00732778023268298,-1.4790560087797222,-0.349348187446584,5.0,1.0186344909214555,0.3695280588299318,-1.554083872537035
"Hard vs C_Soft","C_WT_Hard vs C_Soft","MAPK13","O15264",5603,"CMGC","MAPK",1.0655015487564323,72,1.0,0.15400195238766495,-3.349973013022363,-0.6627843209675296,6.0,1.3205721033878812,0.7919175261337974,-3.7539318214776447
"Hard vs C_Soft","C_WT_Hard vs C_Soft","MAPK14","Q16539",1432,"CMGC","MAPK",1.0655015487564323,73,1.0,0.05800965228043774,-2.963965920573081,-0.5778031614091663,6.0,1.1112590393171073,0.1916620379207324,-3.001740640899871
"Hard vs C_Soft","C_WT_Hard vs C_Soft","MAPK3","P27361",5595,"CMGC","MAPK",1.0390538042661686,76,1.0,0.04406531237695631,-2.5774936835982016,-0.5040713548660255,6.0,1.088309841246139,0.6219835305861406,-2.7616873805842745
"Hard vs C_Soft","C_WT_Hard vs C_Soft","MAPK7","Q13164",5598,"CMGC","MAPK",1.079876673709276,69,1.0,0.06714989512499316,-3.130705452859787,-0.4701698848179393,5.0,1.1045774539605921,0.2661001150785046,-3.053213531318936
"Hard vs C_Soft","C_WT_Hard vs C_Soft","MAPK8","P45983",5599,"CMGC","MAPK",1.0132282657337552,86,1.0,0.013439174976360768,-2.88669909352991,-0.5410503727017016,11.0,1.0195421077239,0.07064826363355096,-2.910248514741094
"Hard vs C_Soft","C_WT_Hard vs C_Soft","MAPK9","P45984",5601,"CMGC","MAPK",1.0486624812040823,75,1.0,0.059654882052217945,-3.2824036487302504,-0.5804829376715183,8.0,1.1056839373155616,0.5229187157368063,-3.218898041703394
"Hard vs C_Soft","C_WT_Hard vs C_Soft","MAPKAPK2","P49137",9261,"CAMK","MAPKAPK",1.1034737825104446,68,1.0,0.11514657072151338,-4.158714940188794,-0.6867874893877209,22.0,1.2247537402597637,0.3652516414509494,-4.236120207240697
"Hard vs C_Soft","C_WT_Hard vs C_Soft","MAPKAPK3","Q16644",7867,"CAMK","MAPKAPK",1.2724587429714436,59,1.0,0.1985939050785821,-4.852274228673594,-0.7017744601457949,25.0,1.3151546383555877,0.4806691940424904,-4.507299984186963
"Hard vs C_Soft","C_WT_Hard vs C_Soft","MTOR","P42345",2475,"Atypical","PIKK",2.2676062401770314,21,1.0,1.3383365590986152,-8.31260649215046,-0.7112020015716676,5.0,2.6989700043360187,0.24884757334541163,-8.478504874380734
"Hard vs C_Soft","C_WT_Hard vs C_Soft","MYLK3","Q32MK0",91807,"CAMK","MLCK",1.595166283380062,38,1.0,0.6114005418287248,-6.057697047553643,-0.8473402924007862,3.0,1.645891560852599,0.0,-6.057697047553643
"Hard vs C_Soft","C_WT_Hard vs C_Soft","NPR1","P16066",4881,"RGC","RGC",1.7399286120149253,32,1.0,0.7435049032298988,-5.841176671326833,-0.8038425021701376,14.0,1.8416375079047502,0.14925403521902192,-5.893413670713417
"Hard vs C_Soft","C_WT_Hard vs C_Soft","NPR2","P20594",4882,"RGC","RGC",2.744727494896694,14,1.0,1.451028930468102,-11.553711474720348,-0.9999402165412921,4.0,2.853871964321762,2.9392076735780686,-9.856759133175837
"Hard vs C_Soft","C_WT_Hard vs C_Soft","PAK1","Q13153",5058,"STE","STE20",1.1272611725273312,67,1.0,0.12505451972632878,-3.4068626667082142,-0.8940186699231447,4.0,1.1343039400839294,0.0,-3.4068626667082142
"Hard vs C_Soft","C_WT_Hard vs C_Soft","PIM1","P11309",5292,"CAMK","PIM",1.2839966563652008,57,1.0,0.2948059239873245,-4.93584666283573,-0.7228020387338391,47.0,1.3979400086720375,0.060203236153301164,-4.931665865675456
"Hard vs C_Soft","C_WT_Hard vs C_Soft","PIM2","Q9P1W9",11040,"CAMK","PIM",1.149966742310231,65,1.0,0.14362014434892142,-4.553832217874954,-0.6806781436457765,29.0,1.2456516642889812,0.38112705257470897,-4.440721627019167
"Hard vs C_Soft","C_WT_Hard vs C_Soft","PKN1","Q16512",5585,"AGC","PKN",1.4124761502369163,50,1.0,0.4124761502369163,-5.17073684332799,-0.5374968965848232,4.0,1.4584207560534193,0.24479811213267794,-5.17073684332799
"Hard vs C_Soft","C_WT_Hard vs C_Soft","PKN2","Q16513",5586,"AGC","PKN",1.707743928643524,34,1.0,0.707743928643524,-6.772671713206816,-0.4653078185187356,3.0,1.707743928643524,,-6.772671713206816
"Hard vs C_Soft","C_WT_Hard vs C_Soft","PLK3","Q9H4B4",1263,"CAMK","PLK",1.9507819773298185,28,1.0,1.294665088454338,-7.662884768045998,-0.9034771389431411,4.0,3.3979400086720375,1.6008838648734698,-8.51399607277297
"Hard vs C_Soft","C_WT_Hard vs C_Soft","PRKAA1","Q13131",5562,"CAMK","CAMKL",1.2806687130162733,58,1.0,0.28196011983949704,-4.719817322005441,-0.6989729316146289,10.0,1.3353580244438745,0.07549393387065384,-4.717104496384122
"Hard vs C_Soft","C_WT_Hard vs C_Soft","PRKACA","P17612",5566,"AGC","PKA",3.6989700043360187,1,1.0,2.6989700043360187,-6.217246267637802,-0.8600716134335123,46.0,3.6989700043360187,0.1510083870156306,-6.267877078358547
"Hard vs C_Soft","C_WT_Hard vs C_Soft","PRKACB","P22694",5567,"AGC","PKA",3.0,10,1.0,1.9945423617762814,-6.523845102282895,-0.8045902649561555,23.0,3.6989700043360187,0.5830525776460588,-6.844170980251398
"Hard vs C_Soft","C_WT_Hard vs C_Soft","PRKACG","P22612",5568,"AGC","PKA",1.6446874924696016,37,1.0,0.6513299920847356,-6.278425156646655,-0.8362356291876925,3.0,1.7033348097384688,0.0,-6.278425156646655
"Hard vs C_Soft","C_WT_Hard vs C_Soft","PRKCA","P17252",5578,"AGC","PKC",3.6989700043360187,2,1.0,2.598626672448025,-7.149285641668871,-0.8137552876403309,21.0,3.6989700043360187,0.23231284275119893,-7.3043248247637305
"Hard vs C_Soft","C_WT_Hard vs C_Soft","PRKCB","P05771",5579,"AGC","PKC",3.0,11,1.0,2.082577940284932,-7.292434214477799,-0.7018994537054235,17.0,3.3979400086720375,0.5088550740941563,-7.282816586974576
"Hard vs C_Soft","C_WT_Hard vs C_Soft","PRKCD","Q05655",5580,"AGC","PKC",3.6989700043360187,3,1.0,2.492599726954767,-7.582866424613193,-0.8221197362039495,17.0,3.6989700043360187,0.21346859245661223,-7.59718127240046
"Hard vs C_Soft","C_WT_Hard vs C_Soft","PRKCE","Q02156",5581,"AGC","PKC",2.3565473235138126,18,1.0,1.3241442741147995,-6.509600243738272,-0.7999188811690632,15.0,2.6989700043360187,0.4061599522557789,-6.683617158023863
"Hard vs C_Soft","C_WT_Hard vs C_Soft","PRKCG","P05129",5582,"AGC","PKC",2.6989700043360187,15,1.0,1.5449933578854511,-7.892816197528257,-0.8637659788131613,10.0,3.0,0.44276020684499806,-7.653608277250526
"Hard vs C_Soft","C_WT_Hard vs C_Soft","PRKCH","P24723",5583,"AGC","PKC",2.42021640338319,17,1.0,1.420132524207829,-7.2271288537169935,-0.7297903537750121,10.0,2.744727494896694,0.3791166398704794,-7.459224453564781
"Hard vs C_Soft","C_WT_Hard vs C_Soft","PRKCI","P41743",5584,"AGC","PKC",1.5654310959658013,40,1.0,0.5935253305347654,-5.456117970073198,-0.8026498644440169,10.0,1.8068754016455384,0.23921469072584367,-5.638932143336056
"Hard vs C_Soft","C_WT_Hard vs C_Soft","PRKCQ","Q04759",5588,"AGC","PKC",2.318758762624413,19,1.0,1.3061759516328206,-6.620692120796836,-0.6218787084023059,15.0,2.3979400086720375,0.20031921773056172,-6.681311464647093
"Hard vs C_Soft","C_WT_Hard vs C_Soft","PRKCZ","Q05513",5590,"AGC","PKC",1.8601209135987635,29,1.0,0.8671597319082219,-6.821689944095337,-0.4020058314005448,6.0,1.958607314841775,0.0,-6.821689944095337
"Hard vs C_Soft","C_WT_Hard vs C_Soft","PRKD1","Q15139",5587,"CAMK","PKD",1.4921441283041692,45,1.0,0.49996636333637007,-5.5370787006337086,-0.9999677499135429,5.0,1.5466816599529625,0.0,-5.5370787006337086
"Hard vs C_Soft","C_WT_Hard vs C_Soft","PRKG1","Q13976",5592,"AGC","PKG",3.6989700043360187,4,1.0,2.6989700043360187,-6.517325211271189,-0.8004443528605389,33.0,3.6989700043360187,0.3270176676912665,-6.651217100565047
"Hard vs C_Soft","C_WT_Hard vs C_Soft","PRKG2","Q13237",5593,"AGC","PKG",3.6989700043360187,5,1.0,2.6989700043360187,-6.682395096387298,-0.821020409795972,30.0,3.6989700043360187,0.17369885229533932,-6.731022957673462
"Hard vs C_Soft","C_WT_Hard vs C_Soft","PRKX","P51817",5613,"AGC","PKA",3.6989700043360187,6,1.0,2.4990432766189543,-6.800761327816055,-0.8694715357962076,27.0,3.6989700043360187,0.5653694825173121,-6.995698075562547
"Hard vs C_Soft","C_WT_Hard vs C_Soft","PRKY","O43930",,"AGC","PKA",1.6861327796308467,35,1.0,0.6363664298971993,-6.31754945199859,-0.8922994269265084,8.0,1.7958800173440752,0.5480385344042401,-5.918888475933461
"Hard vs C_Soft","C_WT_Hard vs C_Soft","PSKH1","P11801",5681,"CAMK","PSK",1.4573261642334718,46,1.0,0.4555180069439082,-5.253499690670935,-1.0856426391336598,4.0,1.5528419686577808,0.4760462974185645,-5.253499690670935
"Hard vs C_Soft","C_WT_Hard vs C_Soft","RAF1","P04049",5894,"TKL","RAF",2.1307682802690238,24,1.0,1.1671457680335935,-8.465565104446327,-0.8769770860671975,4.0,2.5228787452803374,0.8441510864954461,-8.746948799944809
"Hard vs C_Soft","C_WT_Hard vs C_Soft","ROCK1","Q13464",6093,"AGC","DMPK",1.1830961606243398,63,1.0,0.47587453177838823,-3.7551932388691687,-0.5718419022030385,3.0,1.9829666607012197,1.9106674246957438,-5.150547436730719
"Hard vs C_Soft","C_WT_Hard vs C_Soft","ROCK2","O75116",9475,"AGC","DMPK",1.5816987086802545,39,1.0,0.585479387713433,-5.786112901639991,-0.45376175642011596,4.0,1.8538719643217618,1.4887984577678708,-5.622340526046037
"Hard vs C_Soft","C_WT_Hard vs C_Soft","RPS6KA1","Q15418",6195,"AGC-CAMK","RSK",1.2471835688117285,61,1.0,0.5366948870491359,-4.6005547643784945,-0.8164397389800453,15.0,2.154901959985743,0.9355809559306235,-5.080405905036837
"Hard vs C_Soft","C_WT_Hard vs C_Soft","RPS6KA2","Q15349",6196,"AGC-CAMK","RSK",1.8601209135987635,30,1.0,0.9353597493960711,-6.060708602289426,-0.8284688416649341,15.0,2.2839966563652006,0.18886315361535386,-6.156465609556835
"Hard vs C_Soft","C_WT_Hard vs C_Soft","RPS6KA3","P51812",6197,"AGC-CAMK","RSK",1.7258421507363202,33,1.0,0.618011157673842,-5.79981934798971,-0.7205477688047621,15.0,2.008773924307505,0.935394945639761,-5.296488311491066
"Hard vs C_Soft","C_WT_Hard vs C_Soft","RPS6KA4","O75676",8986,"AGC-CAMK","RSK",1.4318236562025546,48,1.0,0.36909227848150583,-5.301245734243044,-0.5396272341410414,4.0,1.4788619162959638,0.6541127349263319,-4.947984482361048
"Hard vs C_Soft","C_WT_Hard vs C_Soft","RPS6KA5","O75582",9252,"AGC-CAMK","RSK",3.3979400086720375,8,1.0,2.2427341294463905,-6.13853003509066,-0.7627980973985431,35.0,3.6989700043360187,0.14185377261248,-6.126639083929488
"Hard vs C_Soft","C_WT_Hard vs C_Soft","RPS6KA6","Q9UK32",27330,"AGC-CAMK","RSK",1.5159827934847194,42,1.0,0.46702890634415006,-5.467037912947491,-0.6841452654313082,11.0,1.7746907182741372,1.3994404702877676,-4.868751434764088
"Hard vs C_Soft","C_WT_Hard vs C_Soft","RPS6KB1","P23443",6198,"AGC","RSK",1.543633966870957,41,1.0,0.5962606345078573,-5.410380472380661,-0.7403336004777418,13.0,1.9430951486635273,0.5716991442013336,-5.679618674301534
"Hard vs C_Soft","C_WT_Hard vs C_Soft","RPS6KB2","Q9UBS0",6199,"AGC","RSK",3.3979400086720375,9,1.0,2.3456864719843313,-6.948377420714075,-0.9635151674350109,20.0,3.6989700043360187,1.4784722393855332,-7.651126444955534
"Hard vs C_Soft","C_WT_Hard vs C_Soft","RPS6KL1","Q9Y6S9",83694,"OTHER","RSKL",0.714892970433188,94,0.6989700043360187,0.014470728297096395,-1.2929813824072904,-0.4958330790201826,3.0,0.7166987712964503,0.0,-1.2929813824072904
"Hard vs C_Soft","C_WT_Hard vs C_Soft","SGK1","O00141",6446,"AGC","SGK",2.795880017344075,13,1.0,2.006351260256337,-7.53575850264059,-0.809354091301942,15.0,3.6989700043360187,0.26568982032175564,-7.491721795066196
"Hard vs C_Soft","C_WT_Hard vs C_Soft","SGK2","Q9HBY8",10110,"AGC","SGK",3.6989700043360187,7,1.0,1.8535324950120322,-7.856193310061116,-0.8950547490801124,12.0,3.6989700043360187,1.0423494752956872,-7.506069478284723
"Hard vs C_Soft","C_WT_Hard vs C_Soft","SGK3","Q96BR1",23678,"AGC","SGK",2.0655015487564325,26,1.0,1.0661166720063435,-6.812608496646963,-0.8670870992872405,11.0,2.2839966563652006,0.5234481940338114,-6.825077901975011
"Hard vs C_Soft","C_WT_Hard vs C_Soft","STK38L","Q9Y2H1",23012,"AGC","NDR",1.4001169279263121,52,1.0,0.3995951208126275,-4.988000985529697,-0.822322189807882,7.0,1.4341521813264824,0.27435822250064124,-5.1464017791448295
"Hard vs C_Soft","LMNA_Hard vs C_Soft","AKT1","P31749",207,"AGC","Akt",2.3275326869319177,24,1.583266837715217,0.7418635579241901,-1.977445273525871,-0.4888752698898303,22.0,2.5217221680803954,0.056030423969351345,-1.9541314762002746
"Hard vs C_Soft","LMNA_Hard vs C_Soft","AKT2","P31751",208,"AGC","Akt",2.9829666607012193,11,1.583266837715217,1.3747813510163247,-2.1478517866504423,-0.4853408535321515,21.0,3.239577516576788,0.08561775061827853,-2.1878725480193104
"Hard vs C_Soft","LMNA_Hard vs C_Soft","AKT3","Q9Y243",10000,"AGC","Akt",2.4379451703436215,16,1.583266837715217,1.1527847495697905,-2.2892454873981816,-0.5750993357764259,7.0,3.6197887582883936,0.22415515505344158,-2.422903591939422
"Hard vs C_Soft","LMNA_Hard vs C_Soft","ATR","Q13535",545,"Atypical","PIKK",2.0610801877552283,39,1.583266837715217,0.4995991520526931,-2.027364185546412,-0.48898563385008964,5.0,2.290730039024169,0.035533980304153744,-2.0392088456477966
"Hard vs C_Soft","LMNA_Hard vs C_Soft","AURKA","O14965",6790,"CAMK","Aur",1.334606649720288,89,1.302988464048632,0.052807282805459,-0.8341188923187828,-0.12326321005821428,4.0,1.5002029833266102,0.0,-0.8341188923187828
"Hard vs C_Soft","LMNA_Hard vs C_Soft","AURKB","Q96GD4",9212,"CAMK","Aur",0.9681231543654585,91,0.7935237830761246,0.023439865100778723,-0.5910296419703582,-0.14551463723182656,4.0,1.0640093342753802,0.35526388301643,-0.4119934735390026
"Hard vs C_Soft","LMNA_Hard vs C_Soft","CAMK2A","Q9UQM7",815,"CAMK","CAMK2",2.7904849854573692,12,1.549084584511669,1.3536647909363237,-2.6843090729445005,-0.5902059793472272,6.0,3.364516253185088,0.23057334552466302,-2.7781279809077044
"Hard vs C_Soft","LMNA_Hard vs C_Soft","CAMK2B","Q13554",816,"CAMK","CAMK2",2.0915149811213505,36,1.549084584511669,0.5649954575157217,-2.1994897649791585,-0.5490570366382599,5.0,2.364918563989127,0.2726506742570859,-2.082329847215245
"Hard vs C_Soft","LMNA_Hard vs C_Soft","CAMK2D","Q13557",817,"CAMK","CAMK2",3.1426675035687315,9,1.549084584511669,1.4963027711716854,-2.779361463385811,-0.5883038938045404,6.0,3.277366077466188,0.30091192846147347,-2.8895164918220666
"Hard vs C_Soft","LMNA_Hard vs C_Soft","CAMK2G","Q13555",818,"CAMK","CAMK2",3.0216238891735574,10,1.5608686134744565,1.4488681009407074,-2.8210493448063407,-0.664145131905865,6.0,3.0757207139381184,0.07445516512077655,-2.867543975584901
"Hard vs C_Soft","LMNA_Hard vs C_Soft","CAMK4","Q16566",814,"CAMK","CAMK1",3.84163750790475,7,1.583266837715217,2.305795145024146,-2.8962690630643584,-0.5547986924648277,9.0,4.318758762624412,0.14912627362009567,-2.971957939755269
"Hard vs C_Soft","LMNA_Hard vs C_Soft","CDK1","P06493",983,"CMGC","CDK",1.6221839708279395,79,1.583266837715217,0.0575056507819026,-1.100638601100013,-0.35296149338994753,7.0,1.86953757071842,0.03365200602320228,-1.0932529613562336
"Hard vs C_Soft","LMNA_Hard vs C_Soft","CDK10","Q15131",8558,"CMGC","CDK",1.881404634776238,47,1.583266837715217,0.2904631381793653,-1.672242756492257,-0.4667458772659273,4.0,2.0815502575988423,0.10842579789878784,-1.659436604826045
"Hard vs C_Soft","LMNA_Hard vs C_Soft","CDK11A","Q9UQ88",728642,"CMGC","CDK",0.44874817177511506,94,0.4286605675367035,0.02081051549603872,-0.47189678860628986,-0.2387117445468887,4.0,0.479720889236107,0.023392110954624415,-0.45679724591297377
"Hard vs C_Soft","LMNA_Hard vs C_Soft","CDK13","Q14004",8621,"CMGC","CDK",0.1557728409307675,96,0.15052889570014805,0.005243945230619442,-0.17398940213798272,-0.3623929210007193,4.0,0.24394232197923807,0.08764149554818222,-0.17398940213798272
"Hard vs C_Soft","LMNA_Hard vs C_Soft","CDK15","Q96Q40",65061,"CMGC","CDK",2.096475935528738,35,1.583266837715217,0.4643588456874814,-2.023261997415636,-0.5467802584171257,4.0,2.2444300193712,0.11700641364112634,-1.9842598595352605
"Hard vs C_Soft","LMNA_Hard vs C_Soft","CDK17","Q00537",5128,"CMGC","CDK",1.7046528516663821,65,1.5228787452803376,0.1817741063860445,-1.3249989194704723,-0.27863260110219557,3.0,1.7046528516663821,,-1.3249989194704723
"Hard vs C_Soft","LMNA_Hard vs C_Soft","CDK18","Q07002",5129,"CMGC","CDK",1.8601209135987635,50,1.5228787452803376,0.3372421683184259,-1.7532132709365118,-0.33217855294545934,3.0,1.8601209135987635,,-1.7532132709365118
"Hard vs C_Soft","LMNA_Hard vs C_Soft","CDK2","P24941",1017,"CMGC","CDK",1.549750891680639,87,1.4955794433126568,0.030411902171771917,-0.9042981648421692,-0.35268366709351645,7.0,1.6743201731565742,0.07682107722332951,-0.8915498761879337
"Hard vs C_Soft","LMNA_Hard vs C_Soft","CDK3","Q00526",1018,"CMGC","CDK",1.798930768848694,56,1.583266837715217,0.20029911637417144,-1.4533361707720172,-0.19020602703094838,5.0,1.9829666607012195,0.1541379910954418,-1.4758754179675624
"Hard vs C_Soft","LMNA_Hard vs C_Soft","CDK4","P11802",1019,"CMGC","CDK",1.7321714579526577,64,1.583266837715217,0.1475236597291106,-1.1371018565215048,-0.10315382480621575,3.0,1.9301839574280046,0.1781989098404518,-1.1965014931349887
"Hard vs C_Soft","LMNA_Hard vs C_Soft","CDK5","Q00535",1020,"CMGC","CDK",1.6221839708279395,80,1.583266837715217,0.03528360663729116,-0.6772351071754021,-0.04208090901374928,4.0,1.8339845436762248,0.0,-0.6772351071754021
"Hard vs C_Soft","LMNA_Hard vs C_Soft","CDK6","Q00534",1021,"CMGC","CDK",1.7589518493283556,60,1.5039297542961176,0.15412506590890718,-1.3985937483591764,-0.19827017188073048,4.0,1.9685107442902499,0.29677505311877916,-1.2996687306529167
"Hard vs C_Soft","LMNA_Hard vs C_Soft","CDK7","P50613",1022,"CMGC","CDK",1.6317503153618778,78,1.583266837715217,0.05885583690658271,-1.167159979356595,-0.36150150373578244,9.0,1.8055411625564737,0.27535377269392436,-1.0965167292785596
"Hard vs C_Soft","LMNA_Hard vs C_Soft","CDK9","P50750",1025,"CMGC","CDK",0.19099545968045167,95,0.29632995385200694,0.013737603967767959,0.18820903122011134,0.010322749614716464,4.0,0.5824950924276874,0.13266695067770767,0.2766536650052498
"Hard vs C_Soft","LMNA_Hard vs C_Soft","CDKL1","Q00532",8814,"CMGC","CDKL",1.9129287940934647,45,1.549084584511669,0.4046977658124855,-1.7294236310137923,-0.613348580896857,4.0,2.13691517467964,0.2476621906159271,-1.910290522269109
"Hard vs C_Soft","LMNA_Hard vs C_Soft","CDKL4","Q5MAI5",344387,"CMGC","CDKL",1.569349721154341,85,1.5088643834802158,0.06048533767412516,-0.7766305506117174,-0.3743879099686862,3.0,1.5813673126459347,0.0,-0.7766305506117174
"Hard vs C_Soft","LMNA_Hard vs C_Soft","CDKL5","O76039",6792,"CMGC","CDKL",1.7694489037049148,58,1.3568205989982411,0.23576556687869354,-1.3176170118328958,-0.4804137349128721,4.0,2.0604807473813818,0.515785897723329,-1.3432118581589403
"Hard vs C_Soft","LMNA_Hard vs C_Soft","CHEK1","O14757",1111,"CAMK","CAMKL",1.6415321361230795,77,1.3124250921990692,0.04825301720479713,-0.9563596458255089,-0.17558942238489875,6.0,1.6878226435602213,0.37899083063408107,-0.8638857819280916
"Hard vs C_Soft","LMNA_Hard vs C_Soft","CHEK2","O96017",11200,"CAMK","RAD53",2.6027554189896134,14,1.583266837715217,0.8912493732147138,-2.182624866072429,-0.37792531343607016,16.0,2.82739706879014,0.155879569410189,-2.1022663390225285
"Hard vs C_Soft","LMNA_Hard vs C_Soft","CHUK","O15111",1147,"OTHER","IKK",2.6083592965076123,13,1.583266837715217,0.9821649228064507,-2.737639397118186,-0.7909759283065632,4.0,2.739928612014925,0.05644672051126487,-2.700008250110676
"Hard vs C_Soft","LMNA_Hard vs C_Soft","COQ8A","Q8NI60",56997,"Atypical","NA",0.7655738367761891,92,0.779289675981491,0.008808197188238985,-0.5844274584082719,-0.19520971179008384,7.0,1.5619325495465062,0.21376054877072376,-0.5867555710683112
"Hard vs C_Soft","LMNA_Hard vs C_Soft","CSNK1A1","P48729",1452,"CK1","CK1",2.221848749616356,30,1.583266837715217,0.5939132329568232,-2.072437987826288,-0.5609504878520828,7.0,2.29895036927086,0.05770905646540553,-2.0654118589797013
"Hard vs C_Soft","LMNA_Hard vs C_Soft","DAPK2","Q9UIK4",23604,"CAMK","DAPK",1.7672012765091987,59,1.5608686134744565,0.21115270401155606,-1.425753397075067,-0.33808851242065313,3.0,1.834458923277627,0.0,-1.425753397075067
"Hard vs C_Soft","LMNA_Hard vs C_Soft","DAPK3","O43293",1613,"CAMK","DAPK",2.364516253185088,22,1.5228787452803376,0.8416375079047503,-2.5596775167087755,-0.1902157862981193,3.0,2.364516253185088,,-2.5596775167087755
"Hard vs C_Soft","LMNA_Hard vs C_Soft","DCLK2","Q8N568",166614,"CAMK","DCAMKL",2.38933983691012,20,1.5692857770193047,0.7419847866984471,-2.2180823186400063,-0.366816004117337,8.0,2.7505570385574174,0.3483638078326422,-2.2291142996872146
"Hard vs C_Soft","LMNA_Hard vs C_Soft","GSK3B","P49841",2932,"CMGC","GSK",1.8489367466462496,52,1.583266837715217,0.24343309312729236,-1.5342083376333837,-0.7192600170771245,3.0,2.0162835260862506,0.0,-1.5342083376333837
"Hard vs C_Soft","LMNA_Hard vs C_Soft","IKBKB","O14920",3551,"OTHER","IKK",2.3444774037465823,23,1.549084584511669,0.7586894528002615,-2.4788964332874874,-0.7874681949615425,3.0,2.379239510005794,0.012215513229711759,-2.484359376879824
"Hard vs C_Soft","LMNA_Hard vs C_Soft","IKBKE","Q14164",9641,"OTHER","IKK",1.8723769504019707,49,1.583266837715217,0.2938147523383325,-1.6753857497135545,-0.5942611694335896,5.0,2.074894273190336,0.0008037895206252187,-1.6757908215569857
"Hard vs C_Soft","LMNA_Hard vs C_Soft","MAPK1","P28482",5594,"CMGC","MAPK",1.1072377653841832,90,1.130361082083358,0.03266005967277133,-0.5820949808866654,-0.14208857218424642,6.0,1.6208758539296082,0.29867634733464593,-0.7913459953870279
"Hard vs C_Soft","LMNA_Hard vs C_Soft","MAPK10","P53779",5602,"CMGC","MAPK",1.6091355156273892,81,1.583266837715217,0.0231044306149837,-1.025681142949271,-0.35203517837957965,11.0,1.8181564120552274,0.009195419060887586,-1.0303151985752008
"Hard vs C_Soft","LMNA_Hard vs C_Soft","MAPK11","Q15759",5600,"CMGC","MAPK",1.7402319541029438,61,1.5088643834802158,0.23136757062272817,-1.5056026408710166,-0.45324814319609885,3.0,1.7520267336381934,0.0,-1.5056026408710166
"Hard vs C_Soft","LMNA_Hard vs C_Soft","MAPK12","P53778",6300,"CMGC","MAPK",1.5451551399914898,88,1.318297262249873,0.06153290006365869,-0.9198313397151112,-0.19294556975364308,5.0,1.747049930815725,0.25400217053575325,-0.9153294537791471
"Hard vs C_Soft","LMNA_Hard vs C_Soft","MAPK13","O15264",5603,"CMGC","MAPK",1.734427538256882,63,1.583266837715217,0.2534385310259027,-1.3721489137403409,-0.4563334711960364,6.0,2.187353983766881,0.32595745772421264,-1.5900562922888684
"Hard vs C_Soft","LMNA_Hard vs C_Soft","MAPK14","Q16539",1432,"CMGC","MAPK",1.6628203745901657,70,1.583266837715217,0.10868889862638555,-1.2321218894518315,-0.38178018728892066,6.0,1.9993056841336456,0.10893542123567855,-1.2440606908047265
"Hard vs C_Soft","LMNA_Hard vs C_Soft","MAPK3","P27361",5595,"CMGC","MAPK",1.6955094722265123,66,1.583266837715217,0.12761124612322058,-1.1907195792621463,-0.28713933626811033,6.0,1.9037854146535949,0.2855595984630961,-1.2256963871464428
"Hard vs C_Soft","LMNA_Hard vs C_Soft","MAPK7","Q13164",5598,"CMGC","MAPK",1.6489771474158763,74,1.583266837715217,0.07432662431960796,-1.015015884245015,-0.3013648390769965,5.0,1.877849680559195,0.1365601432946385,-1.042799422793728
"Hard vs C_Soft","LMNA_Hard vs C_Soft","MAPK8","P45983",5599,"CMGC","MAPK",1.6091355156273892,82,1.583266837715217,0.022901678457733995,-1.025681142949271,-0.35203517837957965,11.0,1.81633164263998,0.00695108343889476,-1.0279981707622359
"Hard vs C_Soft","LMNA_Hard vs C_Soft","MAPK9","P45984",5601,"CMGC","MAPK",1.6485129095502888,75,1.539622352268592,0.0644856711803391,-1.2033333322062088,-0.4102343618869787,8.0,1.825533141113982,0.18046773243963274,-1.1474096706098742
"Hard vs C_Soft","LMNA_Hard vs C_Soft","MAPKAPK2","P49137",9261,"CAMK","MAPKAPK",1.7759333356652327,57,1.583266837715217,0.22229973136423908,-1.6684602029341884,-0.4042584666839034,22.0,2.066715227651305,0.06465785353931264,-1.6470294608090148
"Hard vs C_Soft","LMNA_Hard vs C_Soft","MAPKAPK3","Q16644",7867,"CAMK","MAPKAPK",2.160396270529163,32,1.583266837715217,0.5337839542432344,-1.865278885608757,-0.4255833749113414,25.0,2.4695441564153238,0.14036296027789302,-1.8051084134295798
"Hard vs C_Soft","LMNA_Hard vs C_Soft","MTOR","P42345",2475,"Atypical","PIKK",1.849427752331002,51,1.583266837715217,0.26557288394936923,-1.4983133253625955,-0.46977000236510735,5.0,2.020633757603839,0.15074235573640615,-1.5988082291868664
"Hard vs C_Soft","LMNA_Hard vs C_Soft","MYLK3","Q32MK0",91807,"CAMK","MLCK",2.415668775632469,18,1.549084584511669,0.8326631670114865,-2.671004095135897,-0.6792290210723927,3.0,2.432268037451931,0.0,-2.671004095135897
"Hard vs C_Soft","LMNA_Hard vs C_Soft","NPR1","P16066",4881,"RGC","RGC",2.1317083119821443,33,1.583266837715217,0.5561323002320896,-1.922816989791471,-0.5163419097661938,14.0,2.26185391128794,0.0578345145258366,-1.9154911669480241
"Hard vs C_Soft","LMNA_Hard vs C_Soft","NPR2","P20594",4882,"RGC","RGC",2.285335007137463,28,1.5342518063298711,0.7664865499430231,-2.344364246309139,-0.7007156908512098,4.0,2.3395139842150323,0.10289471228293269,-2.4037705361438793
"Hard vs C_Soft","LMNA_Hard vs C_Soft","PAK1","Q13153",5058,"STE","STE20",1.880876135189383,48,1.583266837715217,0.31007661570190076,-1.7074037068457188,-0.4786660075187712,4.0,2.118273064623582,0.0,-1.7074037068457188
"Hard vs C_Soft","LMNA_Hard vs C_Soft","PIM1","P11309",5292,"CAMK","PIM",2.0832303157168637,37,1.583266837715217,0.5012936393067156,-1.778150454929163,-0.4421435289604687,47.0,2.207048291749868,0.02185803065418356,-1.7783851921132954
"Hard vs C_Soft","LMNA_Hard vs C_Soft","PIM2","Q9P1W9",11040,"CAMK","PIM",2.519418213170831,15,1.583266837715217,0.8835631595272219,-1.9742965378918014,-0.4171177293315033,29.0,2.7872798455821575,0.05934007756019722,-1.9622081563720788
"Hard vs C_Soft","LMNA_Hard vs C_Soft","PKN1","Q16512",5585,"AGC","PKN",1.5574540630265925,86,1.5088643834802158,0.0485896795463767,-0.8137794799970354,-0.2861421912908539,4.0,1.5904049806031844,0.19580095878993165,-0.8137794799970354
"Hard vs C_Soft","LMNA_Hard vs C_Soft","PKN2","Q16513",5586,"AGC","PKN",1.6890943706238586,67,1.5228787452803376,0.16621562534352105,-1.3070403283022964,-0.31390396753946614,3.0,1.6890943706238586,,-1.3070403283022964
"Hard vs C_Soft","LMNA_Hard vs C_Soft","PLK3","Q9H4B4",1263,"CAMK","PLK",2.099305225547602,34,1.583266837715217,0.5704253357541826,-2.2563472990927975,-0.7090884447097677,4.0,2.3677452233152865,0.08136099318435588,-2.190164909469213
"Hard vs C_Soft","LMNA_Hard vs C_Soft","PRKAA1","Q13131",5562,"CAMK","CAMKL",2.2873502983727887,27,1.583266837715217,0.7030364222314971,-2.1120487029452515,-0.5041520162062273,10.0,2.744727494896694,0.13229855847192232,-2.0526890455523055
"Hard vs C_Soft","LMNA_Hard vs C_Soft","PRKACA","P17612",5566,"AGC","PKA",4.2839966563652006,1,1.583266837715217,2.6989700043360187,-2.2044414766890474,-0.5466157781316853,46.0,4.494850021680094,0.05284444401025698,-2.2081981959463794
"Hard vs C_Soft","LMNA_Hard vs C_Soft","PRKACB","P22694",5567,"AGC","PKA",3.277366077466188,8,1.583266837715217,1.738896197745053,-2.225725831412498,-0.5332833409309362,23.0,4.221848749616356,0.10461696326420618,-2.2414585487436924
"Hard vs C_Soft","LMNA_Hard vs C_Soft","PRKACG","P22612",5568,"AGC","PKA",2.0151452161987127,41,1.5556360443195019,0.45929145851074105,-1.992355567869966,-0.5623029867808036,3.0,2.063486257521107,0.0,-1.992355567869966
"Hard vs C_Soft","LMNA_Hard vs C_Soft","PRKCA","P17252",5578,"AGC","PKC",2.375511637486551,21,1.583266837715217,0.8149835330824247,-1.9749172509328428,-0.5207016986349352,21.0,2.72399801003795,0.025832511454213083,-1.993961645865932
"Hard vs C_Soft","LMNA_Hard vs C_Soft","PRKCB","P05771",5579,"AGC","PKC",1.8176995004066612,55,1.583266837715217,0.18690988256001156,-1.6083947868425683,-0.4419658324297711,17.0,1.9595559016373234,0.09402620154579486,-1.5703761126368447
"Hard vs C_Soft","LMNA_Hard vs C_Soft","PRKCD","Q05655",5580,"AGC","PKC",2.1990081387398286,31,1.583266837715217,0.6447890507363575,-1.935562989918037,-0.5290564298629716,17.0,2.7166987712964503,0.0803735608413051,-1.9375835841609783
"Hard vs C_Soft","LMNA_Hard vs C_Soft","PRKCE","Q02156",5581,"AGC","PKC",1.6885004345396266,68,1.583266837715217,0.140346723876113,-1.4796169079956225,-0.4895332124498111,15.0,1.9570309266068198,0.16844574283839914,-1.4613525130642957
"Hard vs C_Soft","LMNA_Hard vs C_Soft","PRKCG","P05129",5582,"AGC","PKC",1.9295926782598802,43,1.583266837715217,0.29329934690153253,-1.6849581791966108,-0.5342359066009489,10.0,2.025028005701931,0.2604262762670788,-1.619985398408847
"Hard vs C_Soft","LMNA_Hard vs C_Soft","PRKCH","P24723",5583,"AGC","PKC",1.6448167639903248,76,1.583266837715217,0.08817303201608219,-1.2988285040546828,-0.43876067399978425,10.0,1.8757566910533512,0.2210552982025888,-1.2334460288346314
"Hard vs C_Soft","LMNA_Hard vs C_Soft","PRKCI","P41743",5584,"AGC","PKC",1.6560009309428387,72,1.583266837715217,0.08380061732251654,-1.1913139300365456,-0.536894470453257,10.0,1.8757566910533512,0.10243670994918666,-1.2638217978348298
"Hard vs C_Soft","LMNA_Hard vs C_Soft","PRKCQ","Q04759",5588,"AGC","PKC",1.6515393641804765,73,1.583266837715217,0.06374209498693856,-1.3212290540951561,-0.3560991116932429,15.0,1.873673739905059,0.037481744282399504,-1.313815918434736
"Hard vs C_Soft","LMNA_Hard vs C_Soft","PRKCZ","Q05513",5590,"AGC","PKC",1.5991512947207884,83,1.583266837715217,0.019264783178369046,-0.7094712966220765,-0.19779175519942585,6.0,1.8154221250679752,7.850462293418876e-17,-0.7094712966220765
"Hard vs C_Soft","LMNA_Hard vs C_Soft","PRKD1","Q15139",5587,"CAMK","PKD",2.306273051076353,26,1.583266837715217,0.713900109813954,-2.2952703038497413,-0.6071645736694359,5.0,2.517126416391246,0.0,-2.2952703038497413
"Hard vs C_Soft","LMNA_Hard vs C_Soft","PRKG1","Q13976",5592,"AGC","PKG",4.1938200260161125,4,1.583266837715217,2.3321888937066877,-2.1496828592831485,-0.5164436764187271,33.0,4.318758762624412,0.09602515825500627,-2.1890132256408763
"Hard vs C_Soft","LMNA_Hard vs C_Soft","PRKG2","Q13237",5593,"AGC","PKG",4.017728766960431,6,1.583266837715217,2.4321477220269583,-2.2808454655123396,-0.5274169961611419,30.0,4.318758762624412,0.042053149432538406,-2.289226409378145
"Hard vs C_Soft","LMNA_Hard vs C_Soft","PRKX","P51817",5613,"AGC","PKA",4.221848749616356,3,1.583266837715217,2.326720224521112,-2.3993604632524086,-0.5351198136806461,27.0,4.318758762624412,0.10128397110307434,-2.401356693664382
"Hard vs C_Soft","LMNA_Hard vs C_Soft","PRKY","O43930",,"AGC","PKA",2.318758762624413,25,1.583266837715217,0.7683560979682347,-2.2658286526350166,-0.5336939266749697,8.0,2.6405439798790136,0.12142802354224903,-2.2115475419602895
"Hard vs C_Soft","LMNA_Hard vs C_Soft","PSKH1","P11801",5681,"CAMK","PSK",1.8331679673365981,54,1.5556360443195019,0.28020962627742885,-1.6428304524358275,-0.6850070854027951,4.0,1.87942606879415,0.06474576949632846,-1.6428304524358275
"Hard vs C_Soft","LMNA_Hard vs C_Soft","RAF1","P04049",5894,"TKL","RAF",1.673336493275321,69,1.583266837715217,0.11017205826814566,-1.1022049992140315,-0.5413459837436685,4.0,1.894966949606406,0.05493470292976636,-1.120516566857287
"Hard vs C_Soft","LMNA_Hard vs C_Soft","ROCK1","Q13464",6093,"AGC","DMPK",1.6595558851598817,71,1.549084584511669,0.0921326079846637,-0.7902982446110217,-0.3519104719161958,3.0,1.6762942423822913,0.24050223710343616,-0.9659362451336989
"Hard vs C_Soft","LMNA_Hard vs C_Soft","ROCK2","O75116",9475,"AGC","DMPK",1.595508382241314,84,1.4780070529143543,0.07735420230855541,-1.0723515422809642,-0.3334050476551029,4.0,1.7288091612987049,0.20615701174837558,-0.9675682629636413
"Hard vs C_Soft","LMNA_Hard vs C_Soft","RPS6KA1","Q15418",6195,"AGC-CAMK","RSK",1.9397555731017748,42,1.583266837715217,0.3904482420614339,-1.4816645730685194,-0.5275893536480967,15.0,2.8794260687941504,0.30445638336563,-1.6448718087685326
"Hard vs C_Soft","LMNA_Hard vs C_Soft","RPS6KA2","Q15349",6196,"AGC-CAMK","RSK",2.020633757603839,40,1.583266837715217,0.4989174073424137,-1.740141994295871,-0.5467035630170013,15.0,2.5228787452803374,0.20929546039967303,-1.8115664836128482
"Hard vs C_Soft","LMNA_Hard vs C_Soft","RPS6KA3","P51812",6197,"AGC-CAMK","RSK",1.9143527117031436,44,1.583266837715217,0.6650083506083225,-1.7830154620054615,-0.4848743402040917,15.0,3.59176003468815,0.43399886804519294,-1.7163652881302134
"Hard vs C_Soft","LMNA_Hard vs C_Soft","RPS6KA4","O75676",8986,"AGC-CAMK","RSK",1.7368148513417876,62,1.597610057059901,0.10952546306239078,-1.1833609483395413,-0.3849999904632539,4.0,1.9385475209128067,0.22506931236689237,-1.0618096272879753
"Hard vs C_Soft","LMNA_Hard vs C_Soft","RPS6KA5","O75582",9252,"AGC-CAMK","RSK",4.2839966563652006,2,1.583266837715217,2.6989700043360187,-2.2566210453017335,-0.5012910405794769,35.0,4.494850021680094,0.03478103565447803,-2.2639853653290967
"Hard vs C_Soft","LMNA_Hard vs C_Soft","RPS6KA6","Q9UK32",27330,"AGC-CAMK","RSK",1.8910370450017413,46,1.3155676399391663,0.5009028127459911,-1.656101618703735,-0.44676747214462875,11.0,3.0757207139381184,0.6948140407004223,-1.493262464143926
"Hard vs C_Soft","LMNA_Hard vs C_Soft","RPS6KB1","P23443",6198,"AGC","RSK",1.8373161341221076,53,1.583266837715217,0.31245824588612414,-1.7176985533687525,-0.4644641659476498,13.0,2.235077015350112,0.1459960676579574,-1.700256371479302
"Hard vs C_Soft","LMNA_Hard vs C_Soft","RPS6KB2","Q9UBS0",6199,"AGC","RSK",4.1938200260161125,5,1.583266837715217,2.0578798483854124,-2.4607579185926873,-0.6316542842171329,20.0,4.318758762624412,0.15851524831689476,-2.4520695020355867
"Hard vs C_Soft","LMNA_Hard vs C_Soft","RPS6KL1","Q9Y6S9",83694,"OTHER","RSKL",0.5851972570684711,93,0.558576252253343,0.03602130235352969,-0.5485432914055797,-0.2692299286524449,3.0,0.6283854557083537,0.0,-0.5485432914055797
"Hard vs C_Soft","LMNA_Hard vs C_Soft","SGK1","O00141",6446,"AGC","SGK",2.2323989319496644,29,1.583266837715217,1.1787878852862237,-1.9388706635505928,-0.5722246567408212,15.0,4.1938200260161125,0.2656874358807939,-2.0732223617345196
"Hard vs C_Soft","LMNA_Hard vs C_Soft","SGK2","Q9HBY8",10110,"AGC","SGK",2.412064651363644,19,1.583266837715217,1.0394913438507332,-2.1294809011687277,-0.5926440528460838,12.0,3.7447274948966935,0.1816013307141731,-2.170896598729146
"Hard vs C_Soft","LMNA_Hard vs C_Soft","SGK3","Q96BR1",23678,"AGC","SGK",2.4156687756324695,17,1.583266837715217,1.0285753503695632,-2.087673634580351,-0.5872918168703695,11.0,3.1938200260161125,0.21621155185495333,-2.2037589996898683
"Hard vs C_Soft","LMNA_Hard vs C_Soft","STK38L","Q9Y2H1",23012,"AGC","NDR",2.0665127121512947,38,1.5342518063298711,0.5998325048232366,-2.035555087836341,-0.5234309434890755,7.0,2.306273051076353,0.2279960661693492,-2.16718867801339
