"UKA_app10.UKA10.contrast","UKA_app10.UKA10.Sgroup_contrast","UKA_app10.UKA10.Kinase Name","UKA_app10.UKA10.Kinase Uniprot ID","UKA_app10.UKA10.Kinase entrezid","UKA_app10.UKA10.Kinase Group","UKA_app10.UKA10.Kinase Family","UKA_app10.UKA10.Median Final score","UKA_app10.UKA10.Final score rank","UKA_app10.UKA10.Mean Significance Score","UKA_app10.UKA10.Mean Specificity Score","UKA_app10.UKA10.Median Kinase Statistic","UKA_app10.UKA10.Median Kinase Change","UKA_app10.UKA10.Mean peptide set size","UKA_app10.UKA10.Max Final score","UKA_app10.UKA10.SD Kinase Statistic","UKA_app10.UKA10.Mean Kinase Statistic"
"LMNA vs C_WT","C_Soft_LMNA vs C_WT","AKT1","P31749",207,"AGC","Akt",1.976500618451988,25,1.2375453477915381,0.7033540276537625,1.2514797928837313,0.3325084904829626,23.0,2.164689999130937,0.04951495233754619,1.2865152351387128
"LMNA vs C_WT","C_Soft_LMNA vs C_WT","AKT2","P31751",208,"AGC","Akt",2.227971834675145,15,1.2375453477915381,0.9601805990682721,1.3569976798547927,0.29797388712565015,22.0,2.4862498499181767,0.05085356840182447,1.3662236700653227
"LMNA vs C_WT","C_Soft_LMNA vs C_WT","AKT3","Q9Y243",10000,"AGC","Akt",1.9443159350805868,26,1.2375453477915381,0.7670154191747851,1.464462326152849,0.36453220477470766,8.0,2.1788796762231764,0.07915066202332795,1.4880283738109041
"LMNA vs C_WT","C_Soft_LMNA vs C_WT","ARAF","P10398",369,"TKL","RAF",2.0449860969619498,18,1.5798613746054597,0.502843719836892,1.386723128944663,0.44970893859863575,3.0,2.3147958655289855,0.0,1.386723128944663
"LMNA vs C_WT","C_Soft_LMNA vs C_WT","ATR","Q13535",545,"Atypical","PIKK",1.1405494593347343,63,0.9634758779742006,0.17360340390228501,0.9211678811761589,0.29259959061940766,5.0,1.1788272283658692,0.015516945487167496,0.9159955660137697
"LMNA vs C_WT","C_Soft_LMNA vs C_WT","AURKA","O14965",6790,"CAMK","Aur",1.3890844446758248,47,1.2615554670636717,0.11835216271231798,0.7570376818288791,0.13054051995277316,4.0,1.4365189146055894,0.0,0.7570376818288791
"LMNA vs C_WT","C_Soft_LMNA vs C_WT","AURKB","Q96GD4",9212,"CAMK","Aur",0.7672782675143527,73,0.6253978192617564,0.05939390852161539,0.6105334993365137,0.1628417074680355,4.0,0.8025981321060437,0.12272118399856552,0.5486878358203987
"LMNA vs C_WT","C_Soft_LMNA vs C_WT","BRAF","P15056",673,"TKL","RAF",2.0449860969619498,19,1.5798613746054597,0.502843719836892,1.386723128944663,0.44970893859863575,3.0,2.3147958655289855,0.0,1.386723128944663
"LMNA vs C_WT","C_Soft_LMNA vs C_WT","CAMK2A","Q9UQM7",815,"CAMK","CAMK2",4.142667503568731,1,1.5577917906250125,2.578558006070426,2.384035408175509,0.386536386277933,6.0,4.251811972993799,0.20981579829779606,2.3398610395171255
"LMNA vs C_WT","C_Soft_LMNA vs C_WT","CAMK2B","Q13554",816,"CAMK","CAMK2",2.499214827082544,14,1.274079958714091,1.410909119228804,1.958428087475206,0.3250761727491933,5.0,3.239577516576788,0.2844652301164212,1.956304848474179
"LMNA vs C_WT","C_Soft_LMNA vs C_WT","CAMK2D","Q13557",817,"CAMK","CAMK2",3.239577516576788,7,1.3867695833375504,1.762029650439,2.0224511518222283,0.41237999333275493,6.0,3.297569463554475,0.1134485991985866,2.032385325390974
"LMNA vs C_WT","C_Soft_LMNA vs C_WT","CAMK2G","Q13555",818,"CAMK","CAMK2",2.507185825305443,13,1.2678286333345863,1.2640168336263624,1.8252489742258824,0.41810566849178904,6.0,2.9665762445130506,0.12718303641790948,1.8024322573701466
"LMNA vs C_WT","C_Soft_LMNA vs C_WT","CAMK4","Q16566",814,"CAMK","CAMK1",2.628562682595899,12,1.2375453477915381,1.3795944406361975,1.7598188426855843,0.3377686341603554,9.0,2.903785414653595,0.07129232815342097,1.7150586868950546
"LMNA vs C_WT","C_Soft_LMNA vs C_WT","CDK1","P06493",983,"CMGC","CDK",0.13635837765423703,98,0.13628965259173742,0.0017457473156996303,0.12909191654108748,0.05115874040694367,7.0,0.20988098362381305,0.043921066718294086,0.1354547289290906
"LMNA vs C_WT","C_Soft_LMNA vs C_WT","CDK10","Q15131",8558,"CMGC","CDK",1.506737181411742,36,1.2375453477915381,0.24422723784388634,1.115966099360697,0.23153664006125454,4.0,1.630784142589857,0.10804950687700829,1.0512223475794047
"LMNA vs C_WT","C_Soft_LMNA vs C_WT","CDK11A","Q9UQ88",728642,"CMGC","CDK",0.39941922028578797,90,0.41112454310184643,0.027426837309535386,0.28773537466002097,0.14988426367441976,4.0,0.5466755431723493,0.06508385039591467,0.3297468194417597
"LMNA vs C_WT","C_Soft_LMNA vs C_WT","CDK13","Q14004",8621,"CMGC","CDK",0.39962468642733984,89,0.3612549876029095,0.03836969882443033,-0.41266053618820975,-0.18105242153008744,4.0,0.45366466291323904,0.06511300018360217,-0.41266053618820975
"LMNA vs C_WT","C_Soft_LMNA vs C_WT","CDK15","Q96Q40",65061,"CMGC","CDK",1.5020756574247385,37,1.2375453477915381,0.2888184656360579,1.109657390453699,0.3109262684980889,4.0,1.755277677230002,0.002102902968999324,1.1103583581100323
"LMNA vs C_WT","C_Soft_LMNA vs C_WT","CDK17","Q00537",5128,"CMGC","CDK",0.5952210010923561,80,0.5436339668709571,0.05158703422139897,0.46224355007867596,0.07626092433929355,3.0,0.5952210010923561,,0.46224355007867596
"LMNA vs C_WT","C_Soft_LMNA vs C_WT","CDK18","Q07002",5129,"CMGC","CDK",0.7716817851372066,72,0.6615435063953952,0.11013827874181153,0.7070492109851375,0.12701209386189483,3.0,0.7716817851372066,,0.7070492109851375
"LMNA vs C_WT","C_Soft_LMNA vs C_WT","CDK2","P24941",1017,"CMGC","CDK",0.16494389827988373,97,0.17784196490347517,0.003701663631451229,0.17476713429759355,0.023897220691045273,7.0,0.30551062837259946,0.16661199255443698,0.10312896424375143
"LMNA vs C_WT","C_Soft_LMNA vs C_WT","CDK3","Q00526",1018,"CMGC","CDK",0.7456936676687144,74,0.6831938692526921,0.058112496083022325,0.562359092349326,0.06495722929635442,5.0,1.0980624210009846,0.13658894518567788,0.5715694248782769
"LMNA vs C_WT","C_Soft_LMNA vs C_WT","CDK4","P11802",1019,"CMGC","CDK",0.5483486311105064,86,0.5160320327929035,0.06392444834902025,0.4793337210949262,0.07770179377661328,3.0,0.8354092398097763,0.08104257746538805,0.5063479135833889
"LMNA vs C_WT","C_Soft_LMNA vs C_WT","CDK5","Q00535",1020,"CMGC","CDK",0.2639670228225015,95,0.24724055950516804,0.01683705339240186,0.2446776115832675,0.027307331562038906,4.0,0.27466018409026277,0.0,0.2446776115832675
"LMNA vs C_WT","C_Soft_LMNA vs C_WT","CDK6","Q00534",1021,"CMGC","CDK",1.044600913360733,67,0.8839712947043712,0.10157397068000922,0.7335174320007103,0.1021335621674766,4.0,1.084241479111726,0.133652395951406,0.6889666333502417
"LMNA vs C_WT","C_Soft_LMNA vs C_WT","CDK7","P50613",1022,"CMGC","CDK",0.3142331894503355,92,0.2391895826531847,0.0016467845842336036,0.3036062971133941,0.05912609100341282,9.0,0.368881058587538,0.13255297451079848,0.2408179221879483
"LMNA vs C_WT","C_Soft_LMNA vs C_WT","CDK9","P50750",1025,"CMGC","CDK",0.28394320802572,94,0.26202149400307384,0.023018327724172602,-0.26201154440148056,-0.07302041848500762,4.0,0.3211539751639583,0.02860731933764213,-0.2810830906265753
"LMNA vs C_WT","C_Soft_LMNA vs C_WT","CDKL1","Q00532",8814,"CMGC","CDKL",0.6972968547411518,77,0.6872418573501266,0.06550115697892968,0.544814135455781,0.08898554245630907,4.0,0.8703616591666451,0.02679052518852869,0.5643791687533376
"LMNA vs C_WT","C_Soft_LMNA vs C_WT","CDKL4","Q5MAI5",344387,"CMGC","CDKL",0.00043472935631444574,99,0.0,0.00043472935631444574,0.004452739062300519,-0.13837330871157624,3.0,0.0008694587126288915,0.0,0.004452739062300519
"LMNA vs C_WT","C_Soft_LMNA vs C_WT","CDKL5","O76039",6792,"CMGC","CDKL",0.5089746643717004,88,0.5272739377257947,0.06691092658011948,0.5191493561394157,0.27474891146024016,4.0,0.9540202075690142,0.20267190739834687,0.5506137748369918
"LMNA vs C_WT","C_Soft_LMNA vs C_WT","CHEK1","O14757",1111,"CAMK","CAMKL",0.605478277325087,79,0.5798575365897825,0.017528069116471593,0.38171718799084314,0.1518276333808899,6.0,1.5041782466140943,0.18621728979245925,0.3590050990961668
"LMNA vs C_WT","C_Soft_LMNA vs C_WT","CHEK2","O96017",11200,"CAMK","RAD53",1.3864541486726318,48,1.2375453477915381,0.15721179261824364,1.0152738537014074,0.2362503636450944,16.0,1.5560801988969766,0.053957290009954244,1.0050088667917867
"LMNA vs C_WT","C_Soft_LMNA vs C_WT","CHUK","O15111",1147,"OTHER","IKK",2.938547520912807,9,1.5798613746054597,1.3686720423445482,2.011820913893553,0.537290990352624,4.0,3.3565473235138126,0.15351494169347446,2.114164208355869
"LMNA vs C_WT","C_Soft_LMNA vs C_WT","COQ8A","Q8NI60",56997,"Atypical","NA",0.37089634982286357,91,0.38340654912625377,0.005262929537571846,0.29612436808823883,0.11132459342479606,7.0,0.6620857167395626,0.10093379122480356,0.3049621770614124
"LMNA vs C_WT","C_Soft_LMNA vs C_WT","CSNK1A1","P48729",1452,"CK1","CK1",1.733298033115912,28,1.2093669760431112,0.4939469382428214,1.2937952029442528,0.3666152755419394,7.0,1.9965394678904935,0.17657463881335236,1.2664202765666663
"LMNA vs C_WT","C_Soft_LMNA vs C_WT","DAPK2","Q9UIK4",23604,"CAMK","DAPK",0.7344511015189041,75,0.6138695343959634,0.11635473746918788,0.7113632848126974,0.2691634496053057,3.0,0.7712301861646306,0.0,0.7113632848126974
"LMNA vs C_WT","C_Soft_LMNA vs C_WT","DAPK3","O43293",1613,"CAMK","DAPK",2.0150228735845066,22,1.853871964321762,0.16115090926274472,0.8857127967680691,0.0872404575347853,3.0,2.0150228735845066,,0.8857127967680691
"LMNA vs C_WT","C_Soft_LMNA vs C_WT","DCLK2","Q8N568",166614,"CAMK","DCAMKL",1.5617425278931123,33,1.226082480151767,0.3906268363325686,1.1526452788565633,0.2115458647409994,8.0,2.0369681249461014,0.2612963897699223,1.219225526576179
"LMNA vs C_WT","C_Soft_LMNA vs C_WT","GSK3B","P49841",2932,"CMGC","GSK",1.1762650116012687,61,0.9655408220145292,0.19311837464307782,0.9085967051917171,0.26096852620442385,3.0,1.2561767783962496,0.0,0.9085967051917171
"LMNA vs C_WT","C_Soft_LMNA vs C_WT","IKBKB","O14920",3551,"OTHER","IKK",2.8873949984654255,11,1.4757568976072026,1.3761458652961416,2.2237722181699717,0.5809944470723399,3.0,3.0213630516155257,0.130984879013457,2.1651939994702367
"LMNA vs C_WT","C_Soft_LMNA vs C_WT","IKBKE","Q14164",9641,"OTHER","IKK",1.4122890349810886,45,1.0860686402637167,0.344469010518399,1.2187976022152553,0.4984794934590715,5.0,1.5683146553139882,0.0955167163868723,1.170661701718274
"LMNA vs C_WT","C_Soft_LMNA vs C_WT","MAPK1","P28482",5594,"CMGC","MAPK",0.7956787879762893,70,0.9311489701713991,0.07458671720654195,0.5912831583318988,0.10222770865001486,7.0,2.0343280287798935,0.24544017786573613,0.6439656424712124
"LMNA vs C_WT","C_Soft_LMNA vs C_WT","MAPK10","P53779",5602,"CMGC","MAPK",0.5558739767394277,84,0.5572373529571237,0.0031036923226028306,0.3859692152480671,0.12831428556731259,11.0,0.6160697944652794,0.026426071159933884,0.39928670332762545
"LMNA vs C_WT","C_Soft_LMNA vs C_WT","MAPK11","Q15759",5600,"CMGC","MAPK",1.487836637698961,38,1.2724252394100861,0.215411398288875,0.9375016731823833,0.28176306353675723,3.0,1.5476614561540005,0.0,0.9375016731823833
"LMNA vs C_WT","C_Soft_LMNA vs C_WT","MAPK12","P53778",6300,"CMGC","MAPK",0.5467428324978769,87,0.5136386682119739,0.035157489954101215,0.4015063038925657,0.02248710393906017,5.0,1.1381311857174086,0.26423043232965154,0.37716895353611224
"LMNA vs C_WT","C_Soft_LMNA vs C_WT","MAPK13","O15264",5603,"CMGC","MAPK",1.2073282108584327,56,1.1480286648702565,0.2215805140263802,0.7372568394298558,0.19024201234182023,6.0,1.8981155128324578,0.35153987742078646,0.9300080515436714
"LMNA vs C_WT","C_Soft_LMNA vs C_WT","MAPK14","Q16539",1432,"CMGC","MAPK",0.5779882910299999,81,0.6356588930514244,0.0285699635026748,0.4213430416272428,0.21594580676820327,6.0,0.9685107442902501,0.07048937497379516,0.4479820870030002
"LMNA vs C_WT","C_Soft_LMNA vs C_WT","MAPK3","P27361",5595,"CMGC","MAPK",0.9453563084650809,68,0.9269965733867308,0.12708819147127462,0.8102342138984866,0.19035741261073585,7.0,1.5895939729316428,0.1685341135652353,0.83836605007673
"LMNA vs C_WT","C_Soft_LMNA vs C_WT","MAPK7","Q13164",5598,"CMGC","MAPK",0.17220956217730904,96,0.3400107076583423,0.019327217071394384,0.17476713429759355,0.06586885452270397,5.0,0.8775612956944777,0.20478658281909073,0.2899788282650378
"LMNA vs C_WT","C_Soft_LMNA vs C_WT","MAPK8","P45983",5599,"CMGC","MAPK",0.554582630234082,85,0.5532959842724328,0.0028109415211620033,0.3859692152480671,0.12831428556731259,11.0,0.6160697944652794,0.01997623211933749,0.39262795928784633
"LMNA vs C_WT","C_Soft_LMNA vs C_WT","MAPK9","P45984",5601,"CMGC","MAPK",0.5779882910299999,82,0.5768089929277127,0.014263522377398067,0.46463442718432385,0.13575553452527078,8.0,0.6596352155979327,0.05536126174341554,0.4893267963388114
"LMNA vs C_WT","C_Soft_LMNA vs C_WT","MAPKAPK2","P49137",9261,"CAMK","MAPKAPK",1.4041511948533323,46,1.2375453477915381,0.19861945203286455,1.075180129878402,0.260105225774975,22.0,1.6970633002951339,0.061509863227093814,1.0574930991333293
"LMNA vs C_WT","C_Soft_LMNA vs C_WT","MAPKAPK3","Q16644",7867,"CAMK","MAPKAPK",1.5719948654681895,32,1.2375453477915381,0.43310972415955934,1.1742104344476871,0.2753715259688235,25.0,2.316592700867905,0.24461831257464284,1.0658347634882646
"LMNA vs C_WT","C_Soft_LMNA vs C_WT","MTOR","P42345",2475,"Atypical","PIKK",1.5553307690614755,34,1.2375453477915381,0.339087398641836,1.1629947775837426,0.36070538361867754,5.0,1.7715996412969952,0.0030558014497450436,1.1650319785502392
"LMNA vs C_WT","C_Soft_LMNA vs C_WT","MYLK3","Q32MK0",91807,"CAMK","MLCK",1.219913220401605,53,0.9547099303736772,0.2824229068664236,1.0997792046071984,0.3064628177218968,3.0,1.3474442497881824,0.0,1.0997792046071984
"LMNA vs C_WT","C_Soft_LMNA vs C_WT","NPR1","P16066",4881,"RGC","RGC",1.213021555119576,54,1.0860686402637167,0.12045518671131204,0.9575388163680634,0.3476424859120299,15.0,1.3147958655289853,0.04703411998179852,0.9522645086051358
"LMNA vs C_WT","C_Soft_LMNA vs C_WT","NPR2","P20594",4882,"RGC","RGC",1.183043201111817,60,0.9533107103159043,0.2571088338544273,1.0599540996285435,0.5256462395191197,4.0,1.314975214894286,0.019193022461774827,1.0488730029436752
"LMNA vs C_WT","C_Soft_LMNA vs C_WT","PAK1","Q13153",5058,"STE","STE20",2.148008252037843,16,1.5798613746054597,0.6003315560412577,1.4238001645776588,0.3959607601165782,5.0,2.4809599613516555,0.0,1.4238001645776588
"LMNA vs C_WT","C_Soft_LMNA vs C_WT","PIM1","P11309",5292,"CAMK","PIM",2.0369681249461014,21,1.2375453477915381,0.7920490169513147,1.2154509135642915,0.27849745833211326,48.0,2.329754146925876,0.013049139921162507,1.2106823818159338
"LMNA vs C_WT","C_Soft_LMNA vs C_WT","PIM2","Q9P1W9",11040,"CAMK","PIM",2.912218582190458,10,1.2662429050407638,1.5981276992709403,1.401448155608265,0.2617047869023835,30.0,3.157390760389438,0.022475306261478534,1.4017598326398302
"LMNA vs C_WT","C_Soft_LMNA vs C_WT","PIM3","Q86V86",415116,"CAMK","PIM",2.0449860969619498,20,1.5798613746054597,0.502843719836892,1.386723128944663,0.44970893859863575,3.0,2.3147958655289855,0.0,1.386723128944663
"LMNA vs C_WT","C_Soft_LMNA vs C_WT","PKN1","Q16512",5585,"AGC","PKN",0.5742502285207043,83,0.5496526127738011,0.02459761574690328,0.3779581973096279,0.09579034745692534,4.0,0.7743806186666006,0.139711053091834,0.3779581973096279
"LMNA vs C_WT","C_Soft_LMNA vs C_WT","PKN2","Q16513",5586,"AGC","PKN",1.058766923038114,65,0.9746941347352298,0.08407278830288423,0.5639191316526054,0.10064102543723881,3.0,1.058766923038114,,0.5639191316526054
"LMNA vs C_WT","C_Soft_LMNA vs C_WT","PLK3","Q9H4B4",1263,"CAMK","PLK",1.4608736966546094,42,1.069885659940753,0.39106731630467484,1.2731725272569412,0.40121987130905207,4.0,1.526016976789664,0.030476407459506256,1.2477001752263994
"LMNA vs C_WT","C_Soft_LMNA vs C_WT","PRKAA1","Q13131",5562,"CAMK","CAMKL",1.4309539835540996,44,1.2375453477915381,0.19360150011583968,1.0320677735876482,0.30086826916895776,10.0,1.6641010079748881,0.02751875991664859,1.020727257667759
"LMNA vs C_WT","C_Soft_LMNA vs C_WT","PRKACA","P17612",5566,"AGC","PKA",3.906578314837765,2,1.2375453477915381,2.6459565315893894,1.3964125656535147,0.33663168218400413,47.0,4.142667503568731,0.017404097659174576,1.3940417289956681
"LMNA vs C_WT","C_Soft_LMNA vs C_WT","PRKACB","P22694",5567,"AGC","PKA",2.05472841849229,17,1.2375453477915381,0.7559672828174249,1.3043597922381884,0.3227415601412419,23.0,2.8639139026159026,0.13803350285523155,1.25075327428904
"LMNA vs C_WT","C_Soft_LMNA vs C_WT","PRKACG","P22612",5568,"AGC","PKA",0.6969553546737202,78,0.5511687438772099,0.13763682036079403,0.7511278638390005,0.33412248558468755,3.0,0.7162646938171318,0.0,0.7511278638390005
"LMNA vs C_WT","C_Soft_LMNA vs C_WT","PRKCA","P17252",5578,"AGC","PKC",1.8673561490269197,27,1.2375453477915381,0.6382244546360171,1.268217191400051,0.31811542787412855,21.0,2.1214782044987937,0.03350499197798208,1.2702138913375123
"LMNA vs C_WT","C_Soft_LMNA vs C_WT","PRKCB","P05771",5579,"AGC","PKC",1.3519133389694964,49,1.2040975704955403,0.16677946608930858,1.030010929146144,0.2820332163856107,17.0,1.6010882596221507,0.016056728464692076,1.022019778085034
"LMNA vs C_WT","C_Soft_LMNA vs C_WT","PRKCD","Q05655",5580,"AGC","PKC",1.6063897036447077,30,1.197498275857744,0.4056068225457063,1.1984106260637952,0.32759232874269484,18.0,1.7017584215035138,0.030768425319268832,1.1867089937405384
"LMNA vs C_WT","C_Soft_LMNA vs C_WT","PRKCE","Q02156",5581,"AGC","PKC",1.4720094108035662,41,1.2375453477915381,0.25553870625594766,1.079462319553374,0.30495559000500966,16.0,1.733298033115912,0.06862235930142283,1.0931733377488315
"LMNA vs C_WT","C_Soft_LMNA vs C_WT","PRKCG","P05129",5582,"AGC","PKC",1.2634122908746996,52,1.0727787077914963,0.1956816167523419,1.0319751275088416,0.31786319414773984,10.0,1.6228395097930128,0.10552222458689452,0.9984659289155019
"LMNA vs C_WT","C_Soft_LMNA vs C_WT","PRKCH","P24723",5583,"AGC","PKC",1.0936218541819809,64,1.01134755688177,0.06793084917022447,0.7813071667064534,0.23651326619660945,10.0,1.3489547061013265,0.08220189118112521,0.7850042616807478
"LMNA vs C_WT","C_Soft_LMNA vs C_WT","PRKCI","P41743",5584,"AGC","PKC",1.0511959540671887,66,0.9828270963462336,0.09625258300019031,0.8614511025346268,0.2417255918184944,11.0,1.24504041227829,0.028938748219350625,0.8814577324951575
"LMNA vs C_WT","C_Soft_LMNA vs C_WT","PRKCQ","Q04759",5588,"AGC","PKC",1.183626111247638,59,1.1326876040229095,0.1002849909727415,0.9358464922576984,0.229316849178734,16.0,1.529883646848996,0.05855749228525515,0.932360268852152
"LMNA vs C_WT","C_Soft_LMNA vs C_WT","PRKCZ","Q05513",5590,"AGC","PKC",0.7918274733328784,71,0.7580145391583037,0.02493732448084305,0.46690955871194967,0.12097274594836567,6.0,0.8148092757222086,0.0,0.46690955871194967
"LMNA vs C_WT","C_Soft_LMNA vs C_WT","PRKD1","Q15139",5587,"CAMK","PKD",1.986994149984263,23,1.2375453477915381,0.7701562697907468,1.5400843112913243,0.3918099668290864,6.0,2.1932774969238187,0.0,1.5400843112913243
"LMNA vs C_WT","C_Soft_LMNA vs C_WT","PRKG1","Q13976",5592,"AGC","PKG",3.172630726946175,8,1.2375453477915381,2.044845341306783,1.423542217577045,0.32672252541496527,34.0,3.950781977329818,0.08348063348109833,1.421605832730984
"LMNA vs C_WT","C_Soft_LMNA vs C_WT","PRKG2","Q13237",5593,"AGC","PKG",3.649751981665837,4,1.2375453477915381,2.2390884554185826,1.43719831922488,0.34230636623170657,31.0,3.9355420107730814,0.04215451939287135,1.4501423829082056
"LMNA vs C_WT","C_Soft_LMNA vs C_WT","PRKX","P51817",5613,"AGC","PKA",3.2644011003018196,6,1.219672981958322,1.8956596255966234,1.4490447450439452,0.36058913526080427,27.0,3.906578314837765,0.05646970503169084,1.4611846313374655
"LMNA vs C_WT","C_Soft_LMNA vs C_WT","PRKY","O43930",,"AGC","PKA",1.1905749712029658,58,1.066131279569012,0.2650962536345521,0.9740501674596974,0.3682963125633426,8.0,1.8204482088348124,0.12182294766914173,1.0499422409340973
"LMNA vs C_WT","C_Soft_LMNA vs C_WT","PSKH1","P11801",5681,"CAMK","PSK",1.2999708198824702,51,0.9540672516947261,0.3560995966093423,1.1823943689901557,0.4136794441275965,4.0,1.391388399585389,0.013782852243426274,1.1823943689901557
"LMNA vs C_WT","C_Soft_LMNA vs C_WT","RAF1","P04049",5894,"TKL","RAF",1.5327175523818586,35,1.2966276127517922,0.2730402240642559,1.045897145650144,0.35804152488708796,5.0,1.9557739228873174,0.09468873116881434,1.0774600560397487
"LMNA vs C_WT","C_Soft_LMNA vs C_WT","ROCK1","Q13464",6093,"AGC","DMPK",0.7132382391869438,76,0.805217193712044,0.08194745050546767,0.518781490924826,0.11504887209998522,3.0,1.2753964846032833,0.12757895893794544,0.6119519891559434
"LMNA vs C_WT","C_Soft_LMNA vs C_WT","ROCK2","O75116",9475,"AGC","DMPK",0.8403967173117459,69,0.6472948895988964,0.03577558243206764,0.49991709891072944,0.07972648739813493,4.0,0.88625713757065,0.1712845081157658,0.4697386891760435
"LMNA vs C_WT","C_Soft_LMNA vs C_WT","RPS6KA1","Q15418",6195,"AGC-CAMK","RSK",1.4512421714262955,43,1.2375453477915381,0.30574518094210357,1.050733833821944,0.325688932881212,16.0,2.063486257521107,0.1261763647423526,1.090704157184629
"LMNA vs C_WT","C_Soft_LMNA vs C_WT","RPS6KA2","Q15349",6196,"AGC-CAMK","RSK",1.575248997895983,31,1.2375453477915381,0.5596294158468164,1.1206864321423493,0.3159161430818045,16.0,2.744727494896694,0.15306579194726136,1.2085580537729916
"LMNA vs C_WT","C_Soft_LMNA vs C_WT","RPS6KA3","P51812",6197,"AGC-CAMK","RSK",1.6160410893208885,29,1.2375453477915381,0.5938105096456641,1.2063804069906667,0.25858596124147243,16.0,3.1012748184105066,0.16035926101601522,1.2089253491874048
"LMNA vs C_WT","C_Soft_LMNA vs C_WT","RPS6KA4","O75676",8986,"AGC-CAMK","RSK",1.3354633334861672,50,1.2376670154608476,0.09731145053873848,0.7183640859875569,0.17008598645527773,4.0,1.4913894895705875,0.08226802413038783,0.6739342749742732
"LMNA vs C_WT","C_Soft_LMNA vs C_WT","RPS6KA5","O75582",9252,"AGC-CAMK","RSK",3.8068754016455384,3,1.2375453477915381,2.454067784040916,1.46882439353084,0.29885603873817795,36.0,4.142667503568731,0.027329881658234804,1.475791355862098
"LMNA vs C_WT","C_Soft_LMNA vs C_WT","RPS6KA6","Q9UK32",27330,"AGC-CAMK","RSK",1.1947011899093558,57,0.9331081684796156,0.22694917718686689,0.8219957519541976,0.22472691853289095,11.0,2.4614262661931443,0.41311677904866445,0.7803153869113445
"LMNA vs C_WT","C_Soft_LMNA vs C_WT","RPS6KB1","P23443",6198,"AGC","RSK",1.4768260348353568,39,1.2375453477915381,0.34050245328102463,1.1117147905573657,0.3204141656557683,13.0,1.8716007312821936,0.14564377169023557,1.1536168207820503
"LMNA vs C_WT","C_Soft_LMNA vs C_WT","RPS6KB2","Q9UBS0",6199,"AGC","RSK",3.565431095965801,5,1.219672981958322,1.813476033877451,1.5248568068988495,0.39466726057457163,20.0,4.142667503568731,0.13975621065283897,1.5111966122611284
"LMNA vs C_WT","C_Soft_LMNA vs C_WT","RPS6KL1","Q9Y6S9",83694,"OTHER","RSKL",0.28524664413740264,93,0.27312468066172724,0.017846703799920975,0.1729655744269466,0.15083977911207302,3.0,0.31875876262441283,0.0,0.1729655744269466
"LMNA vs C_WT","C_Soft_LMNA vs C_WT","SGK1","O00141",6446,"AGC","SGK",1.1598939055432422,62,1.0544534373218124,0.21958696137263806,0.9918537339013862,0.3117237165570247,15.0,1.9608239156239589,0.09667294956231129,1.0374408182333201
"LMNA vs C_WT","C_Soft_LMNA vs C_WT","SGK2","Q9HBY8",10110,"AGC","SGK",1.2074962489653474,55,1.0024722466314366,0.24129078922941785,1.0721936109295733,0.36039147206715244,12.0,1.526016976789664,0.08056143173341279,1.0660698750824562
"LMNA vs C_WT","C_Soft_LMNA vs C_WT","SGK3","Q96BR1",23678,"AGC","SGK",1.4755259845264033,40,1.085776176708823,0.27983191252994893,1.103450435607178,0.36907437112596014,11.0,1.7080985995345328,0.0944552202557019,1.0856476262153907
"LMNA vs C_WT","C_Soft_LMNA vs C_WT","STK38L","Q9Y2H1",23012,"AGC","NDR",1.9822990287758833,24,1.2530704023479928,0.7391253480419983,1.4361682848387294,0.36277079085507946,7.0,2.1741845550147962,0.11337367717993393,1.501624607877582
"LMNA vs C_WT","Stretch_LMNA vs C_WT","AKT1","P31749",207,"AGC","Akt",1.6903698325741012,29,0.9208187539523752,0.7518197833692218,1.355361639610977,0.37902724742888655,23.0,1.7685304095693188,0.052008820048753526,1.355024295123397
"LMNA vs C_WT","Stretch_LMNA vs C_WT","AKT2","P31751",208,"AGC","Akt",1.5516028965422324,33,0.9208187539523752,0.6757624009893132,1.3385220290047297,0.350299726361804,22.0,1.8416375079047504,0.04348630469300627,1.3356380950234161
"LMNA vs C_WT","Stretch_LMNA vs C_WT","AKT3","Q9Y243",10000,"AGC","Akt",1.834458923277627,21,0.9208187539523752,1.0166808768829316,1.6811260778842045,0.4536374658346013,8.0,2.6655462488490693,0.15548579046621225,1.646836802253646
"LMNA vs C_WT","Stretch_LMNA vs C_WT","ARAF","P10398",369,"TKL","RAF",2.0048915422552596,14,1.3187587626244128,0.6990145197933559,1.7311493773547353,0.4832949638366652,3.0,2.103914914576715,0.0,1.7311493773547353
"LMNA vs C_WT","Stretch_LMNA vs C_WT","ATR","Q13535",545,"Atypical","PIKK",1.312292720375181,43,0.9208187539523752,0.39686765768297644,1.2860058968934143,0.3558260202407718,5.0,1.410273743745763,0.05194768060471514,1.3033217904283194
"LMNA vs C_WT","Stretch_LMNA vs C_WT","AURKA","O14965",6790,"CAMK","Aur",0.031236951802751454,99,0.026872146400301365,0.0045684752225717724,-0.06644581988972348,0.02159184217453447,4.0,0.03742232873360956,0.0,-0.06644581988972348
"LMNA vs C_WT","Stretch_LMNA vs C_WT","AURKB","Q96GD4",9212,"CAMK","Aur",0.32908651500053954,87,0.30980225607245365,0.03764541243847813,0.3335834672385976,0.1020625829696633,4.0,0.41710976406066735,0.3561519736577577,0.15409974319226352
"LMNA vs C_WT","Stretch_LMNA vs C_WT","BRAF","P15056",673,"TKL","RAF",2.0048915422552596,15,1.3187587626244128,0.6990145197933559,1.7311493773547353,0.4832949638366652,3.0,2.103914914576715,0.0,1.7311493773547353
"LMNA vs C_WT","Stretch_LMNA vs C_WT","CAMK2A","Q9UQM7",815,"CAMK","CAMK2",1.4862498499181767,35,0.9208187539523752,0.5981889677897797,1.462776997193698,0.4437360252652814,6.0,1.6027554189896138,0.04033026780441972,1.458122658932173
"LMNA vs C_WT","Stretch_LMNA vs C_WT","CAMK2B","Q13554",816,"CAMK","CAMK2",1.9570309266068198,17,0.9208187539523752,0.8849512995959228,1.9118765238783297,0.43600586056709933,5.0,2.415668775632469,0.45561495739697266,1.7593193226350003
"LMNA vs C_WT","Stretch_LMNA vs C_WT","CAMK2D","Q13557",817,"CAMK","CAMK2",1.5406075122407692,34,0.9208187539523752,0.6040706296612491,1.44849817203772,0.45494848489761175,6.0,1.7166987712964503,0.06966526269148521,1.4496471584684418
"LMNA vs C_WT","Stretch_LMNA vs C_WT","CAMK2G","Q13555",818,"CAMK","CAMK2",1.613454491340229,30,0.9208187539523752,0.6910725772681108,1.5592158491012942,0.4935426115989694,6.0,1.6466609046886953,0.0604889700671876,1.5778827850679802
"LMNA vs C_WT","Stretch_LMNA vs C_WT","CAMK4","Q16566",814,"CAMK","CAMK1",1.455435902503957,36,0.9208187539523752,0.5186614110405502,1.3968435832078179,0.3860343992709989,9.0,1.5025174626326296,0.06282053652124626,1.3775280836208548
"LMNA vs C_WT","Stretch_LMNA vs C_WT","CDK1","P06493",983,"CMGC","CDK",1.0343280287798933,64,0.8167616714547205,0.11282486253380064,0.8833594908320193,0.20318390641893888,7.0,1.0960422914768295,0.2621819586581763,0.7959703103754658
"LMNA vs C_WT","Stretch_LMNA vs C_WT","CDK10","Q15131",8558,"CMGC","CDK",0.9265016012827385,67,0.7675464694437106,0.23941417616942678,0.9222883170396108,0.23486642837525337,4.0,1.2561767783962496,0.14705913216264438,1.034426231414793
"LMNA vs C_WT","Stretch_LMNA vs C_WT","CDK11A","Q9UQ88",728642,"CMGC","CDK",0.21104015210414992,96,0.23784305293388094,0.03900841312454927,0.2793008937168403,0.1836899816989903,4.0,0.4161032874064869,0.08756116558225076,0.3358213830626015
"LMNA vs C_WT","Stretch_LMNA vs C_WT","CDK13","Q14004",8621,"CMGC","CDK",0.2695157791502566,92,0.24764226672705586,0.02187351242320071,-0.24831859715550453,-0.08667112390200257,4.0,0.28262911376153815,0.003825465214486024,-0.24831859715550453
"LMNA vs C_WT","Stretch_LMNA vs C_WT","CDK15","Q96Q40",65061,"CMGC","CDK",1.239577516576788,50,0.8827717894165745,0.3074386220635592,1.2045821149882159,0.3419342339038962,4.0,1.2753964846032833,0.09924187022197295,1.1715014915808917
"LMNA vs C_WT","Stretch_LMNA vs C_WT","CDK17","Q00537",5128,"CMGC","CDK",0.07341885992908852,98,0.057495893831919276,0.015922966097169238,0.16059041245412087,0.02030444145202992,3.0,0.07341885992908852,,0.16059041245412087
"LMNA vs C_WT","Stretch_LMNA vs C_WT","CDK18","Q07002",5129,"CMGC","CDK",0.4462819880802895,80,0.3526170298853802,0.09366495819490933,0.5907965430408465,0.16777340571086055,3.0,0.4462819880802895,,0.5907965430408465
"LMNA vs C_WT","Stretch_LMNA vs C_WT","CDK2","P24941",1017,"CMGC","CDK",0.44616550059031246,81,0.4377919222439653,0.02647654936847895,0.54258735233702,0.15625232458115235,7.0,0.6025049367283762,0.10080569909729979,0.48549689286455877
"LMNA vs C_WT","Stretch_LMNA vs C_WT","CDK3","Q00526",1018,"CMGC","CDK",0.39741049234343845,83,0.37770359024591227,0.04659837441305096,0.4992363649710505,0.03336052894592623,5.0,0.6896551124472763,0.08206704443359854,0.510644366148508
"LMNA vs C_WT","Stretch_LMNA vs C_WT","CDK4","P11802",1019,"CMGC","CDK",0.3265883114972187,88,0.3637676728534468,0.07512265807326049,0.2951253076997149,-0.05750413735707216,3.0,1.3209356818786873,0.33555249190736713,0.40697613833550395
"LMNA vs C_WT","Stretch_LMNA vs C_WT","CDK5","Q00535",1020,"CMGC","CDK",0.07452701208697385,97,0.07365755337434496,0.001451233494625127,0.02262947837717827,-0.10794755816459345,4.0,0.0771458812201663,0.0,0.02262947837717827
"LMNA vs C_WT","Stretch_LMNA vs C_WT","CDK6","Q00534",1021,"CMGC","CDK",0.3398937782767559,86,0.26145447796984955,0.04437616561571927,0.4424615186989814,0.011840432882314955,4.0,0.35762254523718745,0.11817235984986925,0.40307073208235833
"LMNA vs C_WT","Stretch_LMNA vs C_WT","CDK7","P50613",1022,"CMGC","CDK",0.7904849854573691,72,0.7048277973211166,0.05394287889776918,0.7612998072386606,0.1520970225334187,9.0,1.0298391569626864,0.2876655256031527,0.6235060849839585
"LMNA vs C_WT","Stretch_LMNA vs C_WT","CDK9","P50750",1025,"CMGC","CDK",0.322159539924246,89,0.3024497282725852,0.05298392516226164,-0.4112195885585255,-0.22744372487068154,4.0,0.4335389375093063,0.030306013027252526,-0.4314235972433605
"LMNA vs C_WT","Stretch_LMNA vs C_WT","CDKL1","Q00532",8814,"CMGC","CDKL",1.111932886592563,58,0.9208187539523752,0.22598443754733227,0.9170138802287067,0.24835371971130749,4.0,1.2323989319496647,0.14590191925554713,1.0235655767081207
"LMNA vs C_WT","Stretch_LMNA vs C_WT","CDKL4","Q5MAI5",344387,"CMGC","CDKL",0.2952480445342296,91,0.28066871301627333,0.014579331517956243,0.15342702058420807,-0.09972035884858126,3.0,0.29749364097846037,0.0,0.15342702058420807
"LMNA vs C_WT","Stretch_LMNA vs C_WT","CDKL5","O76039",6792,"CMGC","CDKL",0.9134978010296306,69,0.7283883656562777,0.32858413630140476,0.9353108342845355,0.3999661505222334,4.0,1.7809396675511386,0.4440682084331407,1.019722732506956
"LMNA vs C_WT","Stretch_LMNA vs C_WT","CHEK1","O14757",1111,"CAMK","CAMKL",0.5474040456069587,74,0.5279682315911205,0.07663838688948581,0.7003067893169552,0.20497669776280336,6.0,1.0574958938319194,0.10511922184360445,0.7005219622364346
"LMNA vs C_WT","Stretch_LMNA vs C_WT","CHEK2","O96017",11200,"CAMK","RAD53",1.0757207139381184,61,0.8838562157820363,0.13401804226237438,1.0011620505367582,0.2943306565284688,16.0,1.1298302788635595,0.06595120801730674,0.9873667511138705
"LMNA vs C_WT","Stretch_LMNA vs C_WT","CHUK","O15111",1147,"OTHER","IKK",2.38933983691012,10,0.9208187539523752,1.4325749752419337,2.235569175356433,0.6448956429958335,4.0,2.619788758288394,0.02296837139507657,2.2508814229531504
"LMNA vs C_WT","Stretch_LMNA vs C_WT","COQ8A","Q8NI60",56997,"Atypical","NA",0.22621355501880647,94,0.20059352865200294,0.008306354989654232,0.31187199179647296,0.11103950440883825,7.0,0.301474941064395,0.280235019482803,0.15910172974025705
"LMNA vs C_WT","Stretch_LMNA vs C_WT","CSNK1A1","P48729",1452,"CK1","CK1",2.8416375079047502,7,0.9650343104714905,1.8204402696611655,2.1673790816935323,0.5582160353660586,7.0,3.415668775632469,0.20920552063816117,2.0892048463171147
"LMNA vs C_WT","Stretch_LMNA vs C_WT","DAPK2","Q9UIK4",23604,"CAMK","DAPK",1.6904900857910476,28,0.9208187539523752,0.7584791343050353,1.7602895168185995,0.3843640089035061,3.0,1.7221616669979527,0.0,1.7602895168185995
"LMNA vs C_WT","Stretch_LMNA vs C_WT","DAPK3","O43293",1613,"CAMK","DAPK",0.21478409323802458,95,0.1804560644581313,0.03432802877989328,0.27994397715587854,0.10928722222646077,3.0,0.21478409323802458,,0.27994397715587854
"LMNA vs C_WT","Stretch_LMNA vs C_WT","DCLK2","Q8N568",166614,"CAMK","DCAMKL",0.7781790461199585,73,0.6828004267994731,0.1533322482916329,0.9243202121726056,0.24102171262104555,8.0,1.073987001129118,0.18447125894708125,0.9397712561314521
"LMNA vs C_WT","Stretch_LMNA vs C_WT","GSK3B","P49841",2932,"CMGC","GSK",0.9186526921958675,68,0.744727494896694,0.17521238730643404,0.9157451605872243,0.32205231984456173,3.0,0.9565591237555263,0.0,0.9157451605872243
"LMNA vs C_WT","Stretch_LMNA vs C_WT","IKBKB","O14920",3551,"OTHER","IKK",2.318758762624413,12,0.9208187539523752,1.3557960655358372,2.2897638675568124,0.6868278582890947,3.0,2.341035157335565,0.07020202194904591,2.2583685689096127
"LMNA vs C_WT","Stretch_LMNA vs C_WT","IKBKE","Q14164",9641,"OTHER","IKK",3.239577516576788,5,1.2303276495861823,1.7145582340138454,2.3309650033574054,0.6362199306487957,5.0,3.318758762624413,0.17433087872622294,2.2431104984147487
"LMNA vs C_WT","Stretch_LMNA vs C_WT","MAPK1","P28482",5594,"CMGC","MAPK",0.4768841992677164,79,0.4871707668068506,0.052940954621167435,0.6259880067941026,0.16145956913630605,7.0,0.8204482088348123,0.09197334175079674,0.6160756445724386
"LMNA vs C_WT","Stretch_LMNA vs C_WT","MAPK10","P53779",5602,"CMGC","MAPK",1.0794592834975203,60,0.9208187539523752,0.1641304016911175,0.9798027214340492,0.2690712647004603,11.0,1.1354889189416082,0.03665697288397973,0.9982760993516585
"LMNA vs C_WT","Stretch_LMNA vs C_WT","MAPK11","Q15759",5600,"CMGC","MAPK",0.812842444546332,70,0.6270879970298935,0.18575444751643855,0.9334970872819021,0.4018326997756878,3.0,0.8141746403870379,0.0,0.9334970872819021
"LMNA vs C_WT","Stretch_LMNA vs C_WT","MAPK12","P53778",6300,"CMGC","MAPK",0.32100843411638214,90,0.27916665873228697,0.023888610307766428,0.2905401723945159,0.09181377291678872,5.0,0.40420406410677917,0.15424101615371097,0.30285417842658996
"LMNA vs C_WT","Stretch_LMNA vs C_WT","MAPK13","O15264",5603,"CMGC","MAPK",1.1455724942121388,56,0.9208187539523752,0.4246515908527471,1.0452609932308656,0.3357064553669541,6.0,1.7332980331159122,0.3763642879154944,1.2712586639445842
"LMNA vs C_WT","Stretch_LMNA vs C_WT","MAPK14","Q16539",1432,"CMGC","MAPK",1.2955063029907015,45,0.9208187539523752,0.5891055337377018,1.2793834323364333,0.3336070908440456,6.0,2.0757207139381184,0.42814243281023273,1.4980475762451315
"LMNA vs C_WT","Stretch_LMNA vs C_WT","MAPK3","P27361",5595,"CMGC","MAPK",1.1256341642699512,57,0.888345857134989,0.2601282509982012,1.0500490510724247,0.3074299964037827,7.0,1.3017254233256326,0.15679536194762264,1.0880204902482675
"LMNA vs C_WT","Stretch_LMNA vs C_WT","MAPK7","Q13164",5598,"CMGC","MAPK",0.44616550059031246,82,0.42955827237204636,0.06479625328089085,0.54258735233702,0.179898083209993,5.0,0.8996294548824371,0.12313800311814722,0.5920935484684363
"LMNA vs C_WT","Stretch_LMNA vs C_WT","MAPK8","P45983",5599,"CMGC","MAPK",1.0720140529005715,62,0.9208187539523752,0.15520082114608377,0.9798027214340492,0.2690712647004603,11.0,1.1354889189416082,0.027710066876413864,0.9890394103928538
"LMNA vs C_WT","Stretch_LMNA vs C_WT","MAPK9","P45984",5601,"CMGC","MAPK",1.171082438383314,53,0.8813312363983115,0.23990355148887021,1.063156264383685,0.2568083339267362,8.0,1.24504041227829,0.22197249831911173,1.0469008745847987
"LMNA vs C_WT","Stretch_LMNA vs C_WT","MAPKAPK2","P49137",9261,"CAMK","MAPKAPK",1.0870343792958963,59,0.9023374848672058,0.1770200112435524,1.0592328319342084,0.2901898209865266,22.0,1.2064889942071422,0.06714718163879294,1.0588512183694005
"LMNA vs C_WT","Stretch_LMNA vs C_WT","MAPKAPK3","Q16644",7867,"CAMK","MAPKAPK",1.2714838952402334,47,0.9023374848672058,0.29707690896364375,1.1984021058050816,0.3186635354469553,25.0,1.4379451703436215,0.1269628128569203,1.1281980691563755
"LMNA vs C_WT","Stretch_LMNA vs C_WT","MTOR","P42345",2475,"Atypical","PIKK",1.7059749059046774,27,0.9208187539523752,0.78810053994429,1.638344128947128,0.447674560546867,5.0,1.8204482088348124,0.0168331216234463,1.6495662100294257
"LMNA vs C_WT","Stretch_LMNA vs C_WT","MYLK3","Q32MK0",91807,"CAMK","MLCK",1.2081690523251638,52,0.9208187539523752,0.2975179705431455,1.172315906951315,0.44230763117472655,3.0,1.239577516576788,0.0,1.172315906951315
"LMNA vs C_WT","Stretch_LMNA vs C_WT","NPR1","P16066",4881,"RGC","RGC",1.9295926782598802,18,0.9208187539523752,1.0353958470290767,1.5301848680223757,0.45495462417602023,15.0,2.0883098412461387,0.04972606672427758,1.5396384017436002
"LMNA vs C_WT","Stretch_LMNA vs C_WT","NPR2","P20594",4882,"RGC","RGC",4.017728766960431,1,1.3187587626244128,2.6989700043360187,3.0514871439827695,0.7603579759597796,4.0,4.017728766960431,0.17921559754236904,3.154957317466836
"LMNA vs C_WT","Stretch_LMNA vs C_WT","PAK1","Q13153",5058,"STE","STE20",1.4156687756324693,37,0.9208187539523752,0.49779783098733976,1.4171828480701472,0.3996155261993401,5.0,1.452471423540218,0.0,1.4171828480701472
"LMNA vs C_WT","Stretch_LMNA vs C_WT","PIM1","P11309",5292,"CAMK","PIM",1.2413908573402563,49,0.9208187539523752,0.3183296973711789,1.1772932280523618,0.3093110970828856,48.0,1.3144373888417702,0.01667938675454984,1.1741217146980707
"LMNA vs C_WT","Stretch_LMNA vs C_WT","PIM2","Q9P1W9",11040,"CAMK","PIM",1.0574958938319194,63,0.8907002236983155,0.17281168704057998,1.0517680026391591,0.29237594774791376,30.0,1.3253225321268012,0.08702666970812577,1.0727082783703348
"LMNA vs C_WT","Stretch_LMNA vs C_WT","PIM3","Q86V86",415116,"CAMK","PIM",2.0048915422552596,16,1.3187587626244128,0.6990145197933559,1.7311493773547353,0.4832949638366652,3.0,2.103914914576715,0.0,1.7311493773547353
"LMNA vs C_WT","Stretch_LMNA vs C_WT","PKN1","Q16512",5585,"AGC","PKN",0.2685734900656313,93,0.24472749489669393,0.023845995168937397,0.2861945635478961,0.08395406305789144,4.0,0.5371469801312626,0.37634851838399364,0.2861945635478961
"LMNA vs C_WT","Stretch_LMNA vs C_WT","PKN2","Q16513",5586,"AGC","PKN",0.5281218006927094,76,0.42021640338318983,0.10790539730951959,0.6909225677386939,0.1054872671762969,3.0,0.5281218006927094,,0.6909225677386939
"LMNA vs C_WT","Stretch_LMNA vs C_WT","PLK3","Q9H4B4",1263,"CAMK","PLK",1.5590909179347823,32,0.9208187539523752,0.9540486162252286,1.6096830584858586,0.47773079077403874,4.0,2.4436974992327127,0.25496926363113354,1.8246858479015895
"LMNA vs C_WT","Stretch_LMNA vs C_WT","PRKAA1","Q13131",5562,"CAMK","CAMKL",1.7937139555875676,24,0.9208187539523752,0.7884812075846392,1.544823686035719,0.4286977152029629,10.0,1.8563607647254567,0.12271113695640555,1.4992519588056357
"LMNA vs C_WT","Stretch_LMNA vs C_WT","PRKACA","P17612",5566,"AGC","PKA",3.619788758288394,2,0.9208187539523752,2.6655222270400207,1.462098077461788,0.4119197179873768,47.0,3.619788758288394,0.035731304654048,1.470394614536253
"LMNA vs C_WT","Stretch_LMNA vs C_WT","PRKACB","P22694",5567,"AGC","PKA",1.9208187539523753,19,0.9208187539523752,1.150375251872002,1.4459242118208295,0.4071339984093926,23.0,3.619788758288394,0.08987656737723802,1.4483130797770523
"LMNA vs C_WT","Stretch_LMNA vs C_WT","PRKACG","P22612",5568,"AGC","PKA",1.282330644561827,46,0.9208187539523752,0.36368635652496506,1.2777712401017525,0.4727121591568017,3.0,1.3038184128314763,0.0,1.2777712401017525
"LMNA vs C_WT","Stretch_LMNA vs C_WT","PRKCA","P17252",5578,"AGC","PKC",1.5904049806031844,31,0.9208187539523752,0.6825719356059008,1.3331960833632062,0.3519845578981459,21.0,1.6703987516434813,0.02026992932469316,1.345902416963382
"LMNA vs C_WT","Stretch_LMNA vs C_WT","PRKCB","P05771",5579,"AGC","PKC",1.169539649969033,54,0.9208187539523752,0.23432251633354237,1.141325308783042,0.29739791505476854,17.0,1.3944794765625312,0.09859253894545719,1.1052947064135816
"LMNA vs C_WT","Stretch_LMNA vs C_WT","PRKCD","Q05655",5580,"AGC","PKC",1.410273743745763,38,0.9208187539523752,0.48385832634636583,1.2759557405331332,0.3492666482925395,18.0,1.5863650028014442,0.07307499691857686,1.2740607234363237
"LMNA vs C_WT","Stretch_LMNA vs C_WT","PRKCE","Q02156",5581,"AGC","PKC",1.2270918050287283,51,0.9208187539523752,0.33131767999032513,1.181366244856222,0.3326673998552213,16.0,1.5863650028014442,0.11432620487324062,1.1963698066218216
"LMNA vs C_WT","Stretch_LMNA vs C_WT","PRKCG","P05129",5582,"AGC","PKC",1.3187587626244128,42,0.848959822147106,0.3318374978381016,1.276980874552714,0.35464487075806134,10.0,1.4379451703436215,0.21727866453790287,1.1554540979837378
"LMNA vs C_WT","Stretch_LMNA vs C_WT","PRKCH","P24723",5583,"AGC","PKC",1.0188158626016457,65,0.8728894468235988,0.13156435529145838,0.8995346367388819,0.2650737166404774,10.0,1.1741845550147965,0.12109161375663043,0.9212441193381822
"LMNA vs C_WT","Stretch_LMNA vs C_WT","PRKCI","P41743",5584,"AGC","PKC",1.149966742310231,55,0.9208187539523752,0.25700317470372275,1.0937230507396245,0.3079265236854565,11.0,1.2793446434482756,0.06408416324335879,1.1288557565541246
"LMNA vs C_WT","Stretch_LMNA vs C_WT","PRKCQ","Q04759",5588,"AGC","PKC",0.8034148695360319,71,0.7330444727380372,0.05853575234497253,0.8631433100793457,0.223343578974406,16.0,0.8598189007340868,0.04903259946945078,0.8743847442168846
"LMNA vs C_WT","Stretch_LMNA vs C_WT","PRKCZ","Q05513",5590,"AGC","PKC",0.3703457968458118,84,0.3526170298853802,0.01724106934869604,0.3357671862589739,0.09521500269572547,6.0,0.3767258934835874,0.0,0.3357671862589739
"LMNA vs C_WT","Stretch_LMNA vs C_WT","PRKD1","Q15139",5587,"CAMK","PKD",1.8068754016455384,22,0.9208187539523752,0.8941974479362497,1.7026461817902412,0.4761925935745115,6.0,1.8873949984654255,0.0,1.7026461817902412
"LMNA vs C_WT","Stretch_LMNA vs C_WT","PRKG1","Q13976",5592,"AGC","PKG",2.1726307269461747,13,0.9208187539523752,1.3250888114697865,1.4094724907634746,0.3908461230141775,34.0,2.774690718274137,0.06601233573458214,1.4086818789158344
"LMNA vs C_WT","Stretch_LMNA vs C_WT","PRKG2","Q13237",5593,"AGC","PKG",2.415668775632469,9,0.9208187539523752,1.596902090672366,1.4715062307839633,0.40443673067622304,31.0,3.0177287669604316,0.057356565190282954,1.4745502487865263
"LMNA vs C_WT","Stretch_LMNA vs C_WT","PRKX","P51817",5613,"AGC","PKA",3.619788758288394,3,0.9208187539523752,2.3619229203930243,1.7195875718676354,0.45178895337240593,27.0,3.619788758288394,0.12196951719531396,1.6424068100602358
"LMNA vs C_WT","Stretch_LMNA vs C_WT","PRKY","O43930",,"AGC","PKA",1.8489367466462499,20,0.9208187539523752,0.9144687786446927,1.593518976410958,0.4692439635594587,8.0,1.9570309266068198,0.17106759995169185,1.6636158709496025
"LMNA vs C_WT","Stretch_LMNA vs C_WT","PSKH1","P11801",5681,"CAMK","PSK",1.4025921409320912,39,0.9208187539523752,0.48149819885830003,1.482512637561189,0.4587196012338097,4.0,1.432268037451931,0.045651055988187146,1.482512637561189
"LMNA vs C_WT","Stretch_LMNA vs C_WT","RAF1","P04049",5894,"TKL","RAF",1.805541162556474,23,1.3187587626244128,0.5259406590107162,1.4168640408590738,0.39387650489806897,5.0,2.103914914576715,0.13718729593784032,1.4625931395050207
"LMNA vs C_WT","Stretch_LMNA vs C_WT","ROCK1","Q13464",6093,"AGC","DMPK",0.4877426387060366,78,0.5500208399885915,0.10937619572736405,0.46822749908292055,0.12787389755247958,3.0,0.9251835593548253,0.2707251739513631,0.6659372119598159
"LMNA vs C_WT","Stretch_LMNA vs C_WT","ROCK2","O75116",9475,"AGC","DMPK",0.4990503527454511,77,0.35042815091730845,0.06359113485569709,0.6567127315150327,0.07882410287856567,4.0,0.6669963152443019,0.299732800107688,0.5442016666664083
"LMNA vs C_WT","Stretch_LMNA vs C_WT","RPS6KA1","Q15418",6195,"AGC-CAMK","RSK",1.3944794765625312,40,0.9208187539523752,0.6211061609606356,1.3373611308713482,0.37611312024732746,16.0,2.040005161671584,0.1027129585145259,1.3270637535116434
"LMNA vs C_WT","Stretch_LMNA vs C_WT","RPS6KA2","Q15349",6196,"AGC-CAMK","RSK",1.7276941555979137,26,0.9208187539523752,0.7919236285088134,1.4300049465915106,0.37692015700869996,16.0,1.895512888687605,0.054521696777346675,1.4386602012442262
"LMNA vs C_WT","Stretch_LMNA vs C_WT","RPS6KA3","P51812",6197,"AGC-CAMK","RSK",1.26185391128794,48,0.8236254823336421,0.29814887235342546,1.193551116222991,0.3047831246727358,16.0,1.4959371173213083,0.22793591971091515,1.087436344903586
"LMNA vs C_WT","Stretch_LMNA vs C_WT","RPS6KA4","O75676",8986,"AGC-CAMK","RSK",0.34823998154635993,85,0.23249053334806125,0.03751464780666966,0.3652192401743184,0.19523644447326513,4.0,0.35556141053216145,0.198615313601919,0.257954711325402
"LMNA vs C_WT","Stretch_LMNA vs C_WT","RPS6KA5","O75582",9252,"AGC-CAMK","RSK",1.7332980331159122,25,0.9208187539523752,0.8012321593715991,1.3279015650244603,0.33733037710189356,36.0,1.9570309266068198,0.030604601054594616,1.309877160080284
"LMNA vs C_WT","Stretch_LMNA vs C_WT","RPS6KA6","Q9UK32",27330,"AGC-CAMK","RSK",0.9909468715009135,66,0.6106329511981214,0.2083638158743086,1.014632154353791,0.2657070188886536,11.0,1.4023048140744878,0.4925537901291673,0.8195828797836803
"LMNA vs C_WT","Stretch_LMNA vs C_WT","RPS6KB1","P23443",6198,"AGC","RSK",1.3621101834192095,41,0.8838562157820363,0.503398616014462,1.312262407793442,0.3587262630462653,13.0,2.0883098412461387,0.14384074421865395,1.2920647712937363
"LMNA vs C_WT","Stretch_LMNA vs C_WT","RPS6KB2","Q9UBS0",6199,"AGC","RSK",3.619788758288394,4,0.9208187539523752,2.3040402264482314,1.8333234616827696,0.4989590590650382,20.0,3.619788758288394,0.1844501209171333,1.8190038215017912
"LMNA vs C_WT","Stretch_LMNA vs C_WT","RPS6KL1","Q9Y6S9",83694,"OTHER","RSKL",0.5284938945805597,75,0.45842075605341914,0.06966576202615983,0.49836336302017914,0.19510412216186465,3.0,0.540390419268539,0.0,0.49836336302017914
"LMNA vs C_WT","Stretch_LMNA vs C_WT","SGK1","O00141",6446,"AGC","SGK",2.341035157335565,11,0.9208187539523752,1.071065229435148,1.6058402721366785,0.41247929226267926,15.0,2.7166987712964503,0.18774366835200176,1.485985480275445
"LMNA vs C_WT","Stretch_LMNA vs C_WT","SGK2","Q9HBY8",10110,"AGC","SGK",2.9208187539523753,6,0.9208187539523752,1.8603951259394884,1.8167058708945483,0.48482644557952587,12.0,3.619788758288394,0.16901641252883753,1.813437564574232
"LMNA vs C_WT","Stretch_LMNA vs C_WT","SGK3","Q96BR1",23678,"AGC","SGK",2.774690718274137,8,0.9208187539523752,1.8463081301754778,1.8678490452885723,0.47791757186253275,11.0,3.619788758288394,0.26584381015269837,1.8996455965276748
"LMNA vs C_WT","Stretch_LMNA vs C_WT","STK38L","Q9Y2H1",23012,"AGC","NDR",1.2975694635544748,44,0.9208187539523752,0.42227828219276875,1.2242275417829798,0.36624681949615123,7.0,1.473660722610156,0.19182815317538032,1.3349795776569344
